year;geo_code;country;nace_r2_code;sector_nace_r2;na_item_code;unit_code;gva_million_eur;data_flag;source_id;dataset_id;source;price_basis;unit_label
2016;PT;Portugal;A;Agriculture, forestry and fishing;B1G;CP_MEUR;3582.9;;F012;D115;Eurostat — Gross value added and income by detailed industry (nama_10_a64);current_prices;Million euro, current prices
2016;PT;Portugal;A01;Crop and animal production, hunting and related service activities;B1G;CP_MEUR;2590.5;;F012;D115;Eurostat — Gross value added and income by detailed industry (nama_10_a64);current_prices;Million euro, current prices
2016;PT;Portugal;A02;Forestry and logging;B1G;CP_MEUR;687.0;;F012;D115;Eurostat — Gross value added and income by detailed industry (nama_10_a64);current_prices;Million euro, current prices
2016;PT;Portugal;A03;Fishing and aquaculture;B1G;CP_MEUR;305.4;;F012;D115;Eurostat — Gross value added and income by detailed industry (nama_10_a64);current_prices;Million euro, current prices
2016;PT;Portugal;B;Mining and quarrying;B1G;CP_MEUR;533.4;;F012;D115;Eurostat — Gross value added and income by detailed industry (nama_10_a64);current_prices;Million euro, current prices
2016;PT;Portugal;B-E;Industry (except construction);B1G;CP_MEUR;29723.9;;F012;D115;Eurostat — Gross value added and income by detailed industry (nama_10_a64);current_prices;Million euro, current prices
2016;PT;Portugal;C;Manufacturing;B1G;CP_MEUR;22819.6;;F012;D115;Eurostat — Gross value added and income by detailed industry (nama_10_a64);current_prices;Million euro, current prices
2016;PT;Portugal;C10-C12;"Manufacture of food products; beverages and tobacco products";B1G;CP_MEUR;4082.9;;F012;D115;Eurostat — Gross value added and income by detailed industry (nama_10_a64);current_prices;Million euro, current prices
2016;PT;Portugal;C13-C15;Manufacture of textiles, wearing apparel, leather and related products;B1G;CP_MEUR;4110.7;;F012;D115;Eurostat — Gross value added and income by detailed industry (nama_10_a64);current_prices;Million euro, current prices
2016;PT;Portugal;C16;"Manufacture of wood and of products of wood and cork, except furniture; manufacture of articles of straw and plaiting materials";B1G;CP_MEUR;1121.9;;F012;D115;Eurostat — Gross value added and income by detailed industry (nama_10_a64);current_prices;Million euro, current prices
2016;PT;Portugal;C16-C18;Manufacture of wood, paper, printing and reproduction;B1G;CP_MEUR;2423.6;;F012;D115;Eurostat — Gross value added and income by detailed industry (nama_10_a64);current_prices;Million euro, current prices
2016;PT;Portugal;C17;Manufacture of paper and paper products;B1G;CP_MEUR;891.3;;F012;D115;Eurostat — Gross value added and income by detailed industry (nama_10_a64);current_prices;Million euro, current prices
2016;PT;Portugal;C18;Printing and reproduction of recorded media;B1G;CP_MEUR;410.4;;F012;D115;Eurostat — Gross value added and income by detailed industry (nama_10_a64);current_prices;Million euro, current prices
2016;PT;Portugal;C19;Manufacture of coke and refined petroleum products;B1G;CP_MEUR;415.1;;F012;D115;Eurostat — Gross value added and income by detailed industry (nama_10_a64);current_prices;Million euro, current prices
2016;PT;Portugal;C20;Manufacture of chemicals and chemical products;B1G;CP_MEUR;955.5;;F012;D115;Eurostat — Gross value added and income by detailed industry (nama_10_a64);current_prices;Million euro, current prices
2016;PT;Portugal;C21;Manufacture of basic pharmaceutical products and pharmaceutical preparations;B1G;CP_MEUR;515.7;;F012;D115;Eurostat — Gross value added and income by detailed industry (nama_10_a64);current_prices;Million euro, current prices
2016;PT;Portugal;C22;Manufacture of rubber and plastic products;B1G;CP_MEUR;1200.2;;F012;D115;Eurostat — Gross value added and income by detailed industry (nama_10_a64);current_prices;Million euro, current prices
2016;PT;Portugal;C22_C23;Manufacture of rubber and plastic products and other non-metallic mineral products;B1G;CP_MEUR;2531.6;;F012;D115;Eurostat — Gross value added and income by detailed industry (nama_10_a64);current_prices;Million euro, current prices
2016;PT;Portugal;C23;Manufacture of other non-metallic mineral products;B1G;CP_MEUR;1331.4;;F012;D115;Eurostat — Gross value added and income by detailed industry (nama_10_a64);current_prices;Million euro, current prices
2016;PT;Portugal;C24;Manufacture of basic metals;B1G;CP_MEUR;394.0;;F012;D115;Eurostat — Gross value added and income by detailed industry (nama_10_a64);current_prices;Million euro, current prices
2016;PT;Portugal;C24_C25;Manufacture of basic metals and fabricated metal products, except machinery and equipment;B1G;CP_MEUR;2552.0;;F012;D115;Eurostat — Gross value added and income by detailed industry (nama_10_a64);current_prices;Million euro, current prices
2016;PT;Portugal;C25;Manufacture of fabricated metal products, except machinery and equipment;B1G;CP_MEUR;2158.0;;F012;D115;Eurostat — Gross value added and income by detailed industry (nama_10_a64);current_prices;Million euro, current prices
2016;PT;Portugal;C26;Manufacture of computer, electronic and optical products;B1G;CP_MEUR;496.1;;F012;D115;Eurostat — Gross value added and income by detailed industry (nama_10_a64);current_prices;Million euro, current prices
2016;PT;Portugal;C27;Manufacture of electrical equipment;B1G;CP_MEUR;600.0;;F012;D115;Eurostat — Gross value added and income by detailed industry (nama_10_a64);current_prices;Million euro, current prices
2016;PT;Portugal;C28;Manufacture of machinery and equipment n.e.c.;B1G;CP_MEUR;857.4;;F012;D115;Eurostat — Gross value added and income by detailed industry (nama_10_a64);current_prices;Million euro, current prices
2016;PT;Portugal;C29;Manufacture of motor vehicles, trailers and semi-trailers;B1G;CP_MEUR;1361.5;;F012;D115;Eurostat — Gross value added and income by detailed industry (nama_10_a64);current_prices;Million euro, current prices
2016;PT;Portugal;C29_C30;Manufacture of motor vehicles, trailers, semi-trailers and of other transport equipment;B1G;CP_MEUR;1518.6;;F012;D115;Eurostat — Gross value added and income by detailed industry (nama_10_a64);current_prices;Million euro, current prices
2016;PT;Portugal;C30;Manufacture of other transport equipment;B1G;CP_MEUR;157.1;;F012;D115;Eurostat — Gross value added and income by detailed industry (nama_10_a64);current_prices;Million euro, current prices
2016;PT;Portugal;C31-C33;"Manufacture of furniture; jewellery, musical instruments, toys; repair and installation of machinery and equipment";B1G;CP_MEUR;1760.3;;F012;D115;Eurostat — Gross value added and income by detailed industry (nama_10_a64);current_prices;Million euro, current prices
2016;PT;Portugal;C31_C32;"Manufacture of furniture; other manufacturing";B1G;CP_MEUR;1038.4;;F012;D115;Eurostat — Gross value added and income by detailed industry (nama_10_a64);current_prices;Million euro, current prices
2016;PT;Portugal;C33;Repair and installation of machinery and equipment;B1G;CP_MEUR;721.9;;F012;D115;Eurostat — Gross value added and income by detailed industry (nama_10_a64);current_prices;Million euro, current prices
2016;PT;Portugal;D;Electricity, gas, steam and air conditioning supply;B1G;CP_MEUR;4650.7;;F012;D115;Eurostat — Gross value added and income by detailed industry (nama_10_a64);current_prices;Million euro, current prices
2016;PT;Portugal;D35;Electricity, gas, steam and air conditioning supply;B1G;CP_MEUR;4650.7;;F012;D115;Eurostat — Gross value added and income by detailed industry (nama_10_a64);current_prices;Million euro, current prices
2016;PT;Portugal;E;"Water supply; sewerage, waste management and remediation activities";B1G;CP_MEUR;1720.2;;F012;D115;Eurostat — Gross value added and income by detailed industry (nama_10_a64);current_prices;Million euro, current prices
2016;PT;Portugal;E36;Water collection, treatment and supply;B1G;CP_MEUR;793.4;;F012;D115;Eurostat — Gross value added and income by detailed industry (nama_10_a64);current_prices;Million euro, current prices
2016;PT;Portugal;E37-E39;Sewerage, waste management, remediation activities;B1G;CP_MEUR;926.8;;F012;D115;Eurostat — Gross value added and income by detailed industry (nama_10_a64);current_prices;Million euro, current prices
2016;PT;Portugal;F;Construction;B1G;CP_MEUR;6523.8;;F012;D115;Eurostat — Gross value added and income by detailed industry (nama_10_a64);current_prices;Million euro, current prices
2016;PT;Portugal;G;"Wholesale and retail trade; repair of motor vehicles and motorcycles";B1G;CP_MEUR;23554.9;;F012;D115;Eurostat — Gross value added and income by detailed industry (nama_10_a64);current_prices;Million euro, current prices
2016;PT;Portugal;G-I;Wholesale and retail trade, transport, accommodation and food service activities;B1G;CP_MEUR;40063.3;;F012;D115;Eurostat — Gross value added and income by detailed industry (nama_10_a64);current_prices;Million euro, current prices
2016;PT;Portugal;G45;Wholesale and retail trade and repair of motor vehicles and motorcycles;B1G;CP_MEUR;2240.5;;F012;D115;Eurostat — Gross value added and income by detailed industry (nama_10_a64);current_prices;Million euro, current prices
2016;PT;Portugal;G46;Wholesale trade, except of motor vehicles and motorcycles;B1G;CP_MEUR;12213.5;;F012;D115;Eurostat — Gross value added and income by detailed industry (nama_10_a64);current_prices;Million euro, current prices
2016;PT;Portugal;G47;Retail trade, except of motor vehicles and motorcycles;B1G;CP_MEUR;9100.9;;F012;D115;Eurostat — Gross value added and income by detailed industry (nama_10_a64);current_prices;Million euro, current prices
2016;PT;Portugal;H;Transportation and storage;B1G;CP_MEUR;7768.9;;F012;D115;Eurostat — Gross value added and income by detailed industry (nama_10_a64);current_prices;Million euro, current prices
2016;PT;Portugal;H49;Land transport and transport via pipelines;B1G;CP_MEUR;3140.9;;F012;D115;Eurostat — Gross value added and income by detailed industry (nama_10_a64);current_prices;Million euro, current prices
2016;PT;Portugal;H50;Water transport;B1G;CP_MEUR;129.2;;F012;D115;Eurostat — Gross value added and income by detailed industry (nama_10_a64);current_prices;Million euro, current prices
2016;PT;Portugal;H51;Air transport;B1G;CP_MEUR;835.1;;F012;D115;Eurostat — Gross value added and income by detailed industry (nama_10_a64);current_prices;Million euro, current prices
2016;PT;Portugal;H52;Warehousing and support activities for transportation;B1G;CP_MEUR;3158.4;;F012;D115;Eurostat — Gross value added and income by detailed industry (nama_10_a64);current_prices;Million euro, current prices
2016;PT;Portugal;H53;Postal and courier activities;B1G;CP_MEUR;505.3;;F012;D115;Eurostat — Gross value added and income by detailed industry (nama_10_a64);current_prices;Million euro, current prices
2016;PT;Portugal;I;Accommodation and food service activities;B1G;CP_MEUR;8739.5;;F012;D115;Eurostat — Gross value added and income by detailed industry (nama_10_a64);current_prices;Million euro, current prices
2016;PT;Portugal;J;Information and communication;B1G;CP_MEUR;5660.3;;F012;D115;Eurostat — Gross value added and income by detailed industry (nama_10_a64);current_prices;Million euro, current prices
2016;PT;Portugal;J58;Publishing activities;B1G;CP_MEUR;340.4;;F012;D115;Eurostat — Gross value added and income by detailed industry (nama_10_a64);current_prices;Million euro, current prices
2016;PT;Portugal;J58-J60;"Publishing, motion picture, video, television programme production; sound recording, programming and broadcasting activities";B1G;CP_MEUR;926.0;;F012;D115;Eurostat — Gross value added and income by detailed industry (nama_10_a64);current_prices;Million euro, current prices
2016;PT;Portugal;J59_J60;"Motion picture, video, television programme production; programming and broadcasting activities";B1G;CP_MEUR;585.6;;F012;D115;Eurostat — Gross value added and income by detailed industry (nama_10_a64);current_prices;Million euro, current prices
2016;PT;Portugal;J61;Telecommunications;B1G;CP_MEUR;2555.8;;F012;D115;Eurostat — Gross value added and income by detailed industry (nama_10_a64);current_prices;Million euro, current prices
2016;PT;Portugal;J62_J63;Computer programming, consultancy, and information service activities;B1G;CP_MEUR;2178.5;;F012;D115;Eurostat — Gross value added and income by detailed industry (nama_10_a64);current_prices;Million euro, current prices
2016;PT;Portugal;K;Financial and insurance activities;B1G;CP_MEUR;8084.5;;F012;D115;Eurostat — Gross value added and income by detailed industry (nama_10_a64);current_prices;Million euro, current prices
2016;PT;Portugal;K64;Financial service activities, except insurance and pension funding;B1G;CP_MEUR;6174.2;;F012;D115;Eurostat — Gross value added and income by detailed industry (nama_10_a64);current_prices;Million euro, current prices
2016;PT;Portugal;K65;Insurance, reinsurance and pension funding, except compulsory social security;B1G;CP_MEUR;1280.1;;F012;D115;Eurostat — Gross value added and income by detailed industry (nama_10_a64);current_prices;Million euro, current prices
2016;PT;Portugal;K66;Activities auxiliary to financial services and insurance activities;B1G;CP_MEUR;630.2;;F012;D115;Eurostat — Gross value added and income by detailed industry (nama_10_a64);current_prices;Million euro, current prices
2016;PT;Portugal;L;Real estate activities;B1G;CP_MEUR;20173.9;;F012;D115;Eurostat — Gross value added and income by detailed industry (nama_10_a64);current_prices;Million euro, current prices
2016;PT;Portugal;L68;Real estate activities;B1G;CP_MEUR;20173.9;;F012;D115;Eurostat — Gross value added and income by detailed industry (nama_10_a64);current_prices;Million euro, current prices
2016;PT;Portugal;L68A;Imputed rents of owner-occupied dwellings;B1G;CP_MEUR;12638.4;;F012;D115;Eurostat — Gross value added and income by detailed industry (nama_10_a64);current_prices;Million euro, current prices
2016;PT;Portugal;M;Professional, scientific and technical activities;B1G;CP_MEUR;6028.4;;F012;D115;Eurostat — Gross value added and income by detailed industry (nama_10_a64);current_prices;Million euro, current prices
2016;PT;Portugal;M69-M71;"Legal and accounting activities; activities of head offices; management consultancy activities; architectural and engineering activities; technical testing and analysis";B1G;CP_MEUR;4396.3;;F012;D115;Eurostat — Gross value added and income by detailed industry (nama_10_a64);current_prices;Million euro, current prices
2016;PT;Portugal;M69_M70;"Legal and accounting activities; activities of head offices; management consultancy activities";B1G;CP_MEUR;3214.1;;F012;D115;Eurostat — Gross value added and income by detailed industry (nama_10_a64);current_prices;Million euro, current prices
2016;PT;Portugal;M71;"Architectural and engineering activities; technical testing and analysis";B1G;CP_MEUR;1182.2;;F012;D115;Eurostat — Gross value added and income by detailed industry (nama_10_a64);current_prices;Million euro, current prices
2016;PT;Portugal;M72;Scientific research and development;B1G;CP_MEUR;610.3;;F012;D115;Eurostat — Gross value added and income by detailed industry (nama_10_a64);current_prices;Million euro, current prices
2016;PT;Portugal;M73;Advertising and market research;B1G;CP_MEUR;478.9;;F012;D115;Eurostat — Gross value added and income by detailed industry (nama_10_a64);current_prices;Million euro, current prices
2016;PT;Portugal;M73-M75;"Advertising and market research; other professional, scientific and technical activities; veterinary activities";B1G;CP_MEUR;1021.8;;F012;D115;Eurostat — Gross value added and income by detailed industry (nama_10_a64);current_prices;Million euro, current prices
2016;PT;Portugal;M74_M75;"Other professional, scientific and technical activities; veterinary activities";B1G;CP_MEUR;542.8;;F012;D115;Eurostat — Gross value added and income by detailed industry (nama_10_a64);current_prices;Million euro, current prices
2016;PT;Portugal;M_N;"Professional, scientific and technical activities; administrative and support service activities";B1G;CP_MEUR;11947.2;;F012;D115;Eurostat — Gross value added and income by detailed industry (nama_10_a64);current_prices;Million euro, current prices
2016;PT;Portugal;N;Administrative and support service activities;B1G;CP_MEUR;5918.8;;F012;D115;Eurostat — Gross value added and income by detailed industry (nama_10_a64);current_prices;Million euro, current prices
2016;PT;Portugal;N77;Rental and leasing activities;B1G;CP_MEUR;939.4;;F012;D115;Eurostat — Gross value added and income by detailed industry (nama_10_a64);current_prices;Million euro, current prices
2016;PT;Portugal;N78;Employment activities;B1G;CP_MEUR;1351.6;;F012;D115;Eurostat — Gross value added and income by detailed industry (nama_10_a64);current_prices;Million euro, current prices
2016;PT;Portugal;N79;Travel agency, tour operator and other reservation service and related activities;B1G;CP_MEUR;293.0;;F012;D115;Eurostat — Gross value added and income by detailed industry (nama_10_a64);current_prices;Million euro, current prices
2016;PT;Portugal;N80-N82;Security and investigation, service and landscape, office administrative and support activities;B1G;CP_MEUR;3334.7;;F012;D115;Eurostat — Gross value added and income by detailed industry (nama_10_a64);current_prices;Million euro, current prices
2016;PT;Portugal;O;"Public administration and defence; compulsory social security";B1G;CP_MEUR;11758.4;;F012;D115;Eurostat — Gross value added and income by detailed industry (nama_10_a64);current_prices;Million euro, current prices
2016;PT;Portugal;O-Q;Public administration, defence, education, human health and social work activities;B1G;CP_MEUR;31391.9;;F012;D115;Eurostat — Gross value added and income by detailed industry (nama_10_a64);current_prices;Million euro, current prices
2016;PT;Portugal;O84;"Public administration and defence; compulsory social security";B1G;CP_MEUR;11758.4;;F012;D115;Eurostat — Gross value added and income by detailed industry (nama_10_a64);current_prices;Million euro, current prices
2016;PT;Portugal;P;Education;B1G;CP_MEUR;9405.6;;F012;D115;Eurostat — Gross value added and income by detailed industry (nama_10_a64);current_prices;Million euro, current prices
2016;PT;Portugal;P85;Education;B1G;CP_MEUR;9405.6;;F012;D115;Eurostat — Gross value added and income by detailed industry (nama_10_a64);current_prices;Million euro, current prices
2016;PT;Portugal;Q;Human health and social work activities;B1G;CP_MEUR;10227.8;;F012;D115;Eurostat — Gross value added and income by detailed industry (nama_10_a64);current_prices;Million euro, current prices
2016;PT;Portugal;Q86;Human health activities;B1G;CP_MEUR;7531.8;;F012;D115;Eurostat — Gross value added and income by detailed industry (nama_10_a64);current_prices;Million euro, current prices
2016;PT;Portugal;Q87_Q88;Residential care activities and social work activities without accommodation;B1G;CP_MEUR;2696.1;;F012;D115;Eurostat — Gross value added and income by detailed industry (nama_10_a64);current_prices;Million euro, current prices
2016;PT;Portugal;R;Arts, entertainment and recreation;B1G;CP_MEUR;1296.7;;F012;D115;Eurostat — Gross value added and income by detailed industry (nama_10_a64);current_prices;Million euro, current prices
2016;PT;Portugal;R-U;"Arts, entertainment and recreation; other service activities; activities of household and extra-territorial organizations and bodies";B1G;CP_MEUR;4593.4;;F012;D115;Eurostat — Gross value added and income by detailed industry (nama_10_a64);current_prices;Million euro, current prices
2016;PT;Portugal;R90-R92;"Creative, arts and entertainment activities; libraries, archives, museums and other cultural activities; gambling and betting activities";B1G;CP_MEUR;672.9;;F012;D115;Eurostat — Gross value added and income by detailed industry (nama_10_a64);current_prices;Million euro, current prices
2016;PT;Portugal;R93;Sports activities and amusement and recreation activities;B1G;CP_MEUR;623.8;;F012;D115;Eurostat — Gross value added and income by detailed industry (nama_10_a64);current_prices;Million euro, current prices
2016;PT;Portugal;S;Other service activities;B1G;CP_MEUR;2200.4;;F012;D115;Eurostat — Gross value added and income by detailed industry (nama_10_a64);current_prices;Million euro, current prices
2016;PT;Portugal;S94;Activities of membership organisations;B1G;CP_MEUR;702.1;;F012;D115;Eurostat — Gross value added and income by detailed industry (nama_10_a64);current_prices;Million euro, current prices
2016;PT;Portugal;S95;Repair of computers and personal and household goods;B1G;CP_MEUR;197.2;;F012;D115;Eurostat — Gross value added and income by detailed industry (nama_10_a64);current_prices;Million euro, current prices
2016;PT;Portugal;S96;Other personal service activities;B1G;CP_MEUR;1301.0;;F012;D115;Eurostat — Gross value added and income by detailed industry (nama_10_a64);current_prices;Million euro, current prices
2016;PT;Portugal;T;"Activities of households as employers; undifferentiated goods- and services-producing activities of households for own use";B1G;CP_MEUR;1096.4;;F012;D115;Eurostat — Gross value added and income by detailed industry (nama_10_a64);current_prices;Million euro, current prices
2016;PT;Portugal;U;Activities of extraterritorial organisations and bodies;B1G;CP_MEUR;0.0;;F012;D115;Eurostat — Gross value added and income by detailed industry (nama_10_a64);current_prices;Million euro, current prices
2017;PT;Portugal;A;Agriculture, forestry and fishing;B1G;CP_MEUR;3839.2;;F012;D115;Eurostat — Gross value added and income by detailed industry (nama_10_a64);current_prices;Million euro, current prices
2017;PT;Portugal;A01;Crop and animal production, hunting and related service activities;B1G;CP_MEUR;2875.2;;F012;D115;Eurostat — Gross value added and income by detailed industry (nama_10_a64);current_prices;Million euro, current prices
2017;PT;Portugal;A02;Forestry and logging;B1G;CP_MEUR;629.5;;F012;D115;Eurostat — Gross value added and income by detailed industry (nama_10_a64);current_prices;Million euro, current prices
2017;PT;Portugal;A03;Fishing and aquaculture;B1G;CP_MEUR;334.4;;F012;D115;Eurostat — Gross value added and income by detailed industry (nama_10_a64);current_prices;Million euro, current prices
2017;PT;Portugal;B;Mining and quarrying;B1G;CP_MEUR;603.9;;F012;D115;Eurostat — Gross value added and income by detailed industry (nama_10_a64);current_prices;Million euro, current prices
2017;PT;Portugal;B-E;Industry (except construction);B1G;CP_MEUR;30714.0;;F012;D115;Eurostat — Gross value added and income by detailed industry (nama_10_a64);current_prices;Million euro, current prices
2017;PT;Portugal;C;Manufacturing;B1G;CP_MEUR;24303.6;;F012;D115;Eurostat — Gross value added and income by detailed industry (nama_10_a64);current_prices;Million euro, current prices
2017;PT;Portugal;C10-C12;"Manufacture of food products; beverages and tobacco products";B1G;CP_MEUR;4095.9;;F012;D115;Eurostat — Gross value added and income by detailed industry (nama_10_a64);current_prices;Million euro, current prices
2017;PT;Portugal;C13-C15;Manufacture of textiles, wearing apparel, leather and related products;B1G;CP_MEUR;4159.1;;F012;D115;Eurostat — Gross value added and income by detailed industry (nama_10_a64);current_prices;Million euro, current prices
2017;PT;Portugal;C16;"Manufacture of wood and of products of wood and cork, except furniture; manufacture of articles of straw and plaiting materials";B1G;CP_MEUR;1117.3;;F012;D115;Eurostat — Gross value added and income by detailed industry (nama_10_a64);current_prices;Million euro, current prices
2017;PT;Portugal;C16-C18;Manufacture of wood, paper, printing and reproduction;B1G;CP_MEUR;2445.1;;F012;D115;Eurostat — Gross value added and income by detailed industry (nama_10_a64);current_prices;Million euro, current prices
2017;PT;Portugal;C17;Manufacture of paper and paper products;B1G;CP_MEUR;881.2;;F012;D115;Eurostat — Gross value added and income by detailed industry (nama_10_a64);current_prices;Million euro, current prices
2017;PT;Portugal;C18;Printing and reproduction of recorded media;B1G;CP_MEUR;446.6;;F012;D115;Eurostat — Gross value added and income by detailed industry (nama_10_a64);current_prices;Million euro, current prices
2017;PT;Portugal;C19;Manufacture of coke and refined petroleum products;B1G;CP_MEUR;823.7;;F012;D115;Eurostat — Gross value added and income by detailed industry (nama_10_a64);current_prices;Million euro, current prices
2017;PT;Portugal;C20;Manufacture of chemicals and chemical products;B1G;CP_MEUR;945.8;;F012;D115;Eurostat — Gross value added and income by detailed industry (nama_10_a64);current_prices;Million euro, current prices
2017;PT;Portugal;C21;Manufacture of basic pharmaceutical products and pharmaceutical preparations;B1G;CP_MEUR;590.0;;F012;D115;Eurostat — Gross value added and income by detailed industry (nama_10_a64);current_prices;Million euro, current prices
2017;PT;Portugal;C22;Manufacture of rubber and plastic products;B1G;CP_MEUR;1249.8;;F012;D115;Eurostat — Gross value added and income by detailed industry (nama_10_a64);current_prices;Million euro, current prices
2017;PT;Portugal;C22_C23;Manufacture of rubber and plastic products and other non-metallic mineral products;B1G;CP_MEUR;2706.7;;F012;D115;Eurostat — Gross value added and income by detailed industry (nama_10_a64);current_prices;Million euro, current prices
2017;PT;Portugal;C23;Manufacture of other non-metallic mineral products;B1G;CP_MEUR;1456.9;;F012;D115;Eurostat — Gross value added and income by detailed industry (nama_10_a64);current_prices;Million euro, current prices
2017;PT;Portugal;C24;Manufacture of basic metals;B1G;CP_MEUR;467.7;;F012;D115;Eurostat — Gross value added and income by detailed industry (nama_10_a64);current_prices;Million euro, current prices
2017;PT;Portugal;C24_C25;Manufacture of basic metals and fabricated metal products, except machinery and equipment;B1G;CP_MEUR;2834.8;;F012;D115;Eurostat — Gross value added and income by detailed industry (nama_10_a64);current_prices;Million euro, current prices
2017;PT;Portugal;C25;Manufacture of fabricated metal products, except machinery and equipment;B1G;CP_MEUR;2367.1;;F012;D115;Eurostat — Gross value added and income by detailed industry (nama_10_a64);current_prices;Million euro, current prices
2017;PT;Portugal;C26;Manufacture of computer, electronic and optical products;B1G;CP_MEUR;519.8;;F012;D115;Eurostat — Gross value added and income by detailed industry (nama_10_a64);current_prices;Million euro, current prices
2017;PT;Portugal;C27;Manufacture of electrical equipment;B1G;CP_MEUR;646.5;;F012;D115;Eurostat — Gross value added and income by detailed industry (nama_10_a64);current_prices;Million euro, current prices
2017;PT;Portugal;C28;Manufacture of machinery and equipment n.e.c.;B1G;CP_MEUR;896.2;;F012;D115;Eurostat — Gross value added and income by detailed industry (nama_10_a64);current_prices;Million euro, current prices
2017;PT;Portugal;C29;Manufacture of motor vehicles, trailers and semi-trailers;B1G;CP_MEUR;1505.8;;F012;D115;Eurostat — Gross value added and income by detailed industry (nama_10_a64);current_prices;Million euro, current prices
2017;PT;Portugal;C29_C30;Manufacture of motor vehicles, trailers, semi-trailers and of other transport equipment;B1G;CP_MEUR;1691.4;;F012;D115;Eurostat — Gross value added and income by detailed industry (nama_10_a64);current_prices;Million euro, current prices
2017;PT;Portugal;C30;Manufacture of other transport equipment;B1G;CP_MEUR;185.6;;F012;D115;Eurostat — Gross value added and income by detailed industry (nama_10_a64);current_prices;Million euro, current prices
2017;PT;Portugal;C31-C33;"Manufacture of furniture; jewellery, musical instruments, toys; repair and installation of machinery and equipment";B1G;CP_MEUR;1948.7;;F012;D115;Eurostat — Gross value added and income by detailed industry (nama_10_a64);current_prices;Million euro, current prices
2017;PT;Portugal;C31_C32;"Manufacture of furniture; other manufacturing";B1G;CP_MEUR;1146.4;;F012;D115;Eurostat — Gross value added and income by detailed industry (nama_10_a64);current_prices;Million euro, current prices
2017;PT;Portugal;C33;Repair and installation of machinery and equipment;B1G;CP_MEUR;802.3;;F012;D115;Eurostat — Gross value added and income by detailed industry (nama_10_a64);current_prices;Million euro, current prices
2017;PT;Portugal;D;Electricity, gas, steam and air conditioning supply;B1G;CP_MEUR;4121.0;;F012;D115;Eurostat — Gross value added and income by detailed industry (nama_10_a64);current_prices;Million euro, current prices
2017;PT;Portugal;D35;Electricity, gas, steam and air conditioning supply;B1G;CP_MEUR;4121.0;;F012;D115;Eurostat — Gross value added and income by detailed industry (nama_10_a64);current_prices;Million euro, current prices
2017;PT;Portugal;E;"Water supply; sewerage, waste management and remediation activities";B1G;CP_MEUR;1685.5;;F012;D115;Eurostat — Gross value added and income by detailed industry (nama_10_a64);current_prices;Million euro, current prices
2017;PT;Portugal;E36;Water collection, treatment and supply;B1G;CP_MEUR;783.7;;F012;D115;Eurostat — Gross value added and income by detailed industry (nama_10_a64);current_prices;Million euro, current prices
2017;PT;Portugal;E37-E39;Sewerage, waste management, remediation activities;B1G;CP_MEUR;901.8;;F012;D115;Eurostat — Gross value added and income by detailed industry (nama_10_a64);current_prices;Million euro, current prices
2017;PT;Portugal;F;Construction;B1G;CP_MEUR;6920.3;;F012;D115;Eurostat — Gross value added and income by detailed industry (nama_10_a64);current_prices;Million euro, current prices
2017;PT;Portugal;G;"Wholesale and retail trade; repair of motor vehicles and motorcycles";B1G;CP_MEUR;23541.3;;F012;D115;Eurostat — Gross value added and income by detailed industry (nama_10_a64);current_prices;Million euro, current prices
2017;PT;Portugal;G-I;Wholesale and retail trade, transport, accommodation and food service activities;B1G;CP_MEUR;41994.2;;F012;D115;Eurostat — Gross value added and income by detailed industry (nama_10_a64);current_prices;Million euro, current prices
2017;PT;Portugal;G45;Wholesale and retail trade and repair of motor vehicles and motorcycles;B1G;CP_MEUR;2292.5;;F012;D115;Eurostat — Gross value added and income by detailed industry (nama_10_a64);current_prices;Million euro, current prices
2017;PT;Portugal;G46;Wholesale trade, except of motor vehicles and motorcycles;B1G;CP_MEUR;12091.5;;F012;D115;Eurostat — Gross value added and income by detailed industry (nama_10_a64);current_prices;Million euro, current prices
2017;PT;Portugal;G47;Retail trade, except of motor vehicles and motorcycles;B1G;CP_MEUR;9157.3;;F012;D115;Eurostat — Gross value added and income by detailed industry (nama_10_a64);current_prices;Million euro, current prices
2017;PT;Portugal;H;Transportation and storage;B1G;CP_MEUR;8454.1;;F012;D115;Eurostat — Gross value added and income by detailed industry (nama_10_a64);current_prices;Million euro, current prices
2017;PT;Portugal;H49;Land transport and transport via pipelines;B1G;CP_MEUR;3380.4;;F012;D115;Eurostat — Gross value added and income by detailed industry (nama_10_a64);current_prices;Million euro, current prices
2017;PT;Portugal;H50;Water transport;B1G;CP_MEUR;131.0;;F012;D115;Eurostat — Gross value added and income by detailed industry (nama_10_a64);current_prices;Million euro, current prices
2017;PT;Portugal;H51;Air transport;B1G;CP_MEUR;983.6;;F012;D115;Eurostat — Gross value added and income by detailed industry (nama_10_a64);current_prices;Million euro, current prices
2017;PT;Portugal;H52;Warehousing and support activities for transportation;B1G;CP_MEUR;3472.1;;F012;D115;Eurostat — Gross value added and income by detailed industry (nama_10_a64);current_prices;Million euro, current prices
2017;PT;Portugal;H53;Postal and courier activities;B1G;CP_MEUR;487.0;;F012;D115;Eurostat — Gross value added and income by detailed industry (nama_10_a64);current_prices;Million euro, current prices
2017;PT;Portugal;I;Accommodation and food service activities;B1G;CP_MEUR;9998.8;;F012;D115;Eurostat — Gross value added and income by detailed industry (nama_10_a64);current_prices;Million euro, current prices
2017;PT;Portugal;J;Information and communication;B1G;CP_MEUR;5946.9;;F012;D115;Eurostat — Gross value added and income by detailed industry (nama_10_a64);current_prices;Million euro, current prices
2017;PT;Portugal;J58;Publishing activities;B1G;CP_MEUR;365.8;;F012;D115;Eurostat — Gross value added and income by detailed industry (nama_10_a64);current_prices;Million euro, current prices
2017;PT;Portugal;J58-J60;"Publishing, motion picture, video, television programme production; sound recording, programming and broadcasting activities";B1G;CP_MEUR;1003.2;;F012;D115;Eurostat — Gross value added and income by detailed industry (nama_10_a64);current_prices;Million euro, current prices
2017;PT;Portugal;J59_J60;"Motion picture, video, television programme production; programming and broadcasting activities";B1G;CP_MEUR;637.4;;F012;D115;Eurostat — Gross value added and income by detailed industry (nama_10_a64);current_prices;Million euro, current prices
2017;PT;Portugal;J61;Telecommunications;B1G;CP_MEUR;2425.9;;F012;D115;Eurostat — Gross value added and income by detailed industry (nama_10_a64);current_prices;Million euro, current prices
2017;PT;Portugal;J62_J63;Computer programming, consultancy, and information service activities;B1G;CP_MEUR;2517.8;;F012;D115;Eurostat — Gross value added and income by detailed industry (nama_10_a64);current_prices;Million euro, current prices
2017;PT;Portugal;K;Financial and insurance activities;B1G;CP_MEUR;7968.0;;F012;D115;Eurostat — Gross value added and income by detailed industry (nama_10_a64);current_prices;Million euro, current prices
2017;PT;Portugal;K64;Financial service activities, except insurance and pension funding;B1G;CP_MEUR;6328.3;;F012;D115;Eurostat — Gross value added and income by detailed industry (nama_10_a64);current_prices;Million euro, current prices
2017;PT;Portugal;K65;Insurance, reinsurance and pension funding, except compulsory social security;B1G;CP_MEUR;964.6;;F012;D115;Eurostat — Gross value added and income by detailed industry (nama_10_a64);current_prices;Million euro, current prices
2017;PT;Portugal;K66;Activities auxiliary to financial services and insurance activities;B1G;CP_MEUR;675.0;;F012;D115;Eurostat — Gross value added and income by detailed industry (nama_10_a64);current_prices;Million euro, current prices
2017;PT;Portugal;L;Real estate activities;B1G;CP_MEUR;21214.2;;F012;D115;Eurostat — Gross value added and income by detailed industry (nama_10_a64);current_prices;Million euro, current prices
2017;PT;Portugal;L68;Real estate activities;B1G;CP_MEUR;21214.2;;F012;D115;Eurostat — Gross value added and income by detailed industry (nama_10_a64);current_prices;Million euro, current prices
2017;PT;Portugal;L68A;Imputed rents of owner-occupied dwellings;B1G;CP_MEUR;12781.2;;F012;D115;Eurostat — Gross value added and income by detailed industry (nama_10_a64);current_prices;Million euro, current prices
2017;PT;Portugal;M;Professional, scientific and technical activities;B1G;CP_MEUR;6473.7;;F012;D115;Eurostat — Gross value added and income by detailed industry (nama_10_a64);current_prices;Million euro, current prices
2017;PT;Portugal;M69-M71;"Legal and accounting activities; activities of head offices; management consultancy activities; architectural and engineering activities; technical testing and analysis";B1G;CP_MEUR;4783.8;;F012;D115;Eurostat — Gross value added and income by detailed industry (nama_10_a64);current_prices;Million euro, current prices
2017;PT;Portugal;M69_M70;"Legal and accounting activities; activities of head offices; management consultancy activities";B1G;CP_MEUR;3481.1;;F012;D115;Eurostat — Gross value added and income by detailed industry (nama_10_a64);current_prices;Million euro, current prices
2017;PT;Portugal;M71;"Architectural and engineering activities; technical testing and analysis";B1G;CP_MEUR;1302.8;;F012;D115;Eurostat — Gross value added and income by detailed industry (nama_10_a64);current_prices;Million euro, current prices
2017;PT;Portugal;M72;Scientific research and development;B1G;CP_MEUR;583.6;;F012;D115;Eurostat — Gross value added and income by detailed industry (nama_10_a64);current_prices;Million euro, current prices
2017;PT;Portugal;M73;Advertising and market research;B1G;CP_MEUR;481.2;;F012;D115;Eurostat — Gross value added and income by detailed industry (nama_10_a64);current_prices;Million euro, current prices
2017;PT;Portugal;M73-M75;"Advertising and market research; other professional, scientific and technical activities; veterinary activities";B1G;CP_MEUR;1106.3;;F012;D115;Eurostat — Gross value added and income by detailed industry (nama_10_a64);current_prices;Million euro, current prices
2017;PT;Portugal;M74_M75;"Other professional, scientific and technical activities; veterinary activities";B1G;CP_MEUR;625.1;;F012;D115;Eurostat — Gross value added and income by detailed industry (nama_10_a64);current_prices;Million euro, current prices
2017;PT;Portugal;M_N;"Professional, scientific and technical activities; administrative and support service activities";B1G;CP_MEUR;13085.0;;F012;D115;Eurostat — Gross value added and income by detailed industry (nama_10_a64);current_prices;Million euro, current prices
2017;PT;Portugal;N;Administrative and support service activities;B1G;CP_MEUR;6611.2;;F012;D115;Eurostat — Gross value added and income by detailed industry (nama_10_a64);current_prices;Million euro, current prices
2017;PT;Portugal;N77;Rental and leasing activities;B1G;CP_MEUR;1077.0;;F012;D115;Eurostat — Gross value added and income by detailed industry (nama_10_a64);current_prices;Million euro, current prices
2017;PT;Portugal;N78;Employment activities;B1G;CP_MEUR;1512.1;;F012;D115;Eurostat — Gross value added and income by detailed industry (nama_10_a64);current_prices;Million euro, current prices
2017;PT;Portugal;N79;Travel agency, tour operator and other reservation service and related activities;B1G;CP_MEUR;332.2;;F012;D115;Eurostat — Gross value added and income by detailed industry (nama_10_a64);current_prices;Million euro, current prices
2017;PT;Portugal;N80-N82;Security and investigation, service and landscape, office administrative and support activities;B1G;CP_MEUR;3690.0;;F012;D115;Eurostat — Gross value added and income by detailed industry (nama_10_a64);current_prices;Million euro, current prices
2017;PT;Portugal;O;"Public administration and defence; compulsory social security";B1G;CP_MEUR;11987.4;;F012;D115;Eurostat — Gross value added and income by detailed industry (nama_10_a64);current_prices;Million euro, current prices
2017;PT;Portugal;O-Q;Public administration, defence, education, human health and social work activities;B1G;CP_MEUR;32490.6;;F012;D115;Eurostat — Gross value added and income by detailed industry (nama_10_a64);current_prices;Million euro, current prices
2017;PT;Portugal;O84;"Public administration and defence; compulsory social security";B1G;CP_MEUR;11987.4;;F012;D115;Eurostat — Gross value added and income by detailed industry (nama_10_a64);current_prices;Million euro, current prices
2017;PT;Portugal;P;Education;B1G;CP_MEUR;9691.8;;F012;D115;Eurostat — Gross value added and income by detailed industry (nama_10_a64);current_prices;Million euro, current prices
2017;PT;Portugal;P85;Education;B1G;CP_MEUR;9691.8;;F012;D115;Eurostat — Gross value added and income by detailed industry (nama_10_a64);current_prices;Million euro, current prices
2017;PT;Portugal;Q;Human health and social work activities;B1G;CP_MEUR;10811.5;;F012;D115;Eurostat — Gross value added and income by detailed industry (nama_10_a64);current_prices;Million euro, current prices
2017;PT;Portugal;Q86;Human health activities;B1G;CP_MEUR;7954.1;;F012;D115;Eurostat — Gross value added and income by detailed industry (nama_10_a64);current_prices;Million euro, current prices
2017;PT;Portugal;Q87_Q88;Residential care activities and social work activities without accommodation;B1G;CP_MEUR;2857.4;;F012;D115;Eurostat — Gross value added and income by detailed industry (nama_10_a64);current_prices;Million euro, current prices
2017;PT;Portugal;R;Arts, entertainment and recreation;B1G;CP_MEUR;1513.3;;F012;D115;Eurostat — Gross value added and income by detailed industry (nama_10_a64);current_prices;Million euro, current prices
2017;PT;Portugal;R-U;"Arts, entertainment and recreation; other service activities; activities of household and extra-territorial organizations and bodies";B1G;CP_MEUR;4899.0;;F012;D115;Eurostat — Gross value added and income by detailed industry (nama_10_a64);current_prices;Million euro, current prices
2017;PT;Portugal;R90-R92;"Creative, arts and entertainment activities; libraries, archives, museums and other cultural activities; gambling and betting activities";B1G;CP_MEUR;736.2;;F012;D115;Eurostat — Gross value added and income by detailed industry (nama_10_a64);current_prices;Million euro, current prices
2017;PT;Portugal;R93;Sports activities and amusement and recreation activities;B1G;CP_MEUR;777.2;;F012;D115;Eurostat — Gross value added and income by detailed industry (nama_10_a64);current_prices;Million euro, current prices
2017;PT;Portugal;S;Other service activities;B1G;CP_MEUR;2290.3;;F012;D115;Eurostat — Gross value added and income by detailed industry (nama_10_a64);current_prices;Million euro, current prices
2017;PT;Portugal;S94;Activities of membership organisations;B1G;CP_MEUR;700.8;;F012;D115;Eurostat — Gross value added and income by detailed industry (nama_10_a64);current_prices;Million euro, current prices
2017;PT;Portugal;S95;Repair of computers and personal and household goods;B1G;CP_MEUR;230.2;;F012;D115;Eurostat — Gross value added and income by detailed industry (nama_10_a64);current_prices;Million euro, current prices
2017;PT;Portugal;S96;Other personal service activities;B1G;CP_MEUR;1359.3;;F012;D115;Eurostat — Gross value added and income by detailed industry (nama_10_a64);current_prices;Million euro, current prices
2017;PT;Portugal;T;"Activities of households as employers; undifferentiated goods- and services-producing activities of households for own use";B1G;CP_MEUR;1095.4;;F012;D115;Eurostat — Gross value added and income by detailed industry (nama_10_a64);current_prices;Million euro, current prices
2017;PT;Portugal;U;Activities of extraterritorial organisations and bodies;B1G;CP_MEUR;0.0;;F012;D115;Eurostat — Gross value added and income by detailed industry (nama_10_a64);current_prices;Million euro, current prices
2018;PT;Portugal;A;Agriculture, forestry and fishing;B1G;CP_MEUR;3932.2;;F012;D115;Eurostat — Gross value added and income by detailed industry (nama_10_a64);current_prices;Million euro, current prices
2018;PT;Portugal;A01;Crop and animal production, hunting and related service activities;B1G;CP_MEUR;2915.3;;F012;D115;Eurostat — Gross value added and income by detailed industry (nama_10_a64);current_prices;Million euro, current prices
2018;PT;Portugal;A02;Forestry and logging;B1G;CP_MEUR;674.9;;F012;D115;Eurostat — Gross value added and income by detailed industry (nama_10_a64);current_prices;Million euro, current prices
2018;PT;Portugal;A03;Fishing and aquaculture;B1G;CP_MEUR;342.1;;F012;D115;Eurostat — Gross value added and income by detailed industry (nama_10_a64);current_prices;Million euro, current prices
2018;PT;Portugal;B;Mining and quarrying;B1G;CP_MEUR;593.1;;F012;D115;Eurostat — Gross value added and income by detailed industry (nama_10_a64);current_prices;Million euro, current prices
2018;PT;Portugal;B-E;Industry (except construction);B1G;CP_MEUR;32191.6;;F012;D115;Eurostat — Gross value added and income by detailed industry (nama_10_a64);current_prices;Million euro, current prices
2018;PT;Portugal;C;Manufacturing;B1G;CP_MEUR;25260.1;;F012;D115;Eurostat — Gross value added and income by detailed industry (nama_10_a64);current_prices;Million euro, current prices
2018;PT;Portugal;C10-C12;"Manufacture of food products; beverages and tobacco products";B1G;CP_MEUR;4235.0;;F012;D115;Eurostat — Gross value added and income by detailed industry (nama_10_a64);current_prices;Million euro, current prices
2018;PT;Portugal;C13-C15;Manufacture of textiles, wearing apparel, leather and related products;B1G;CP_MEUR;4195.8;;F012;D115;Eurostat — Gross value added and income by detailed industry (nama_10_a64);current_prices;Million euro, current prices
2018;PT;Portugal;C16;"Manufacture of wood and of products of wood and cork, except furniture; manufacture of articles of straw and plaiting materials";B1G;CP_MEUR;1166.8;;F012;D115;Eurostat — Gross value added and income by detailed industry (nama_10_a64);current_prices;Million euro, current prices
2018;PT;Portugal;C16-C18;Manufacture of wood, paper, printing and reproduction;B1G;CP_MEUR;2714.6;;F012;D115;Eurostat — Gross value added and income by detailed industry (nama_10_a64);current_prices;Million euro, current prices
2018;PT;Portugal;C17;Manufacture of paper and paper products;B1G;CP_MEUR;1117.8;;F012;D115;Eurostat — Gross value added and income by detailed industry (nama_10_a64);current_prices;Million euro, current prices
2018;PT;Portugal;C18;Printing and reproduction of recorded media;B1G;CP_MEUR;430.1;;F012;D115;Eurostat — Gross value added and income by detailed industry (nama_10_a64);current_prices;Million euro, current prices
2018;PT;Portugal;C19;Manufacture of coke and refined petroleum products;B1G;CP_MEUR;554.6;;F012;D115;Eurostat — Gross value added and income by detailed industry (nama_10_a64);current_prices;Million euro, current prices
2018;PT;Portugal;C20;Manufacture of chemicals and chemical products;B1G;CP_MEUR;833.2;;F012;D115;Eurostat — Gross value added and income by detailed industry (nama_10_a64);current_prices;Million euro, current prices
2018;PT;Portugal;C21;Manufacture of basic pharmaceutical products and pharmaceutical preparations;B1G;CP_MEUR;601.8;;F012;D115;Eurostat — Gross value added and income by detailed industry (nama_10_a64);current_prices;Million euro, current prices
2018;PT;Portugal;C22;Manufacture of rubber and plastic products;B1G;CP_MEUR;1292.4;;F012;D115;Eurostat — Gross value added and income by detailed industry (nama_10_a64);current_prices;Million euro, current prices
2018;PT;Portugal;C22_C23;Manufacture of rubber and plastic products and other non-metallic mineral products;B1G;CP_MEUR;2849.5;;F012;D115;Eurostat — Gross value added and income by detailed industry (nama_10_a64);current_prices;Million euro, current prices
2018;PT;Portugal;C23;Manufacture of other non-metallic mineral products;B1G;CP_MEUR;1557.1;;F012;D115;Eurostat — Gross value added and income by detailed industry (nama_10_a64);current_prices;Million euro, current prices
2018;PT;Portugal;C24;Manufacture of basic metals;B1G;CP_MEUR;489.3;;F012;D115;Eurostat — Gross value added and income by detailed industry (nama_10_a64);current_prices;Million euro, current prices
2018;PT;Portugal;C24_C25;Manufacture of basic metals and fabricated metal products, except machinery and equipment;B1G;CP_MEUR;3016.3;;F012;D115;Eurostat — Gross value added and income by detailed industry (nama_10_a64);current_prices;Million euro, current prices
2018;PT;Portugal;C25;Manufacture of fabricated metal products, except machinery and equipment;B1G;CP_MEUR;2527.1;;F012;D115;Eurostat — Gross value added and income by detailed industry (nama_10_a64);current_prices;Million euro, current prices
2018;PT;Portugal;C26;Manufacture of computer, electronic and optical products;B1G;CP_MEUR;570.1;;F012;D115;Eurostat — Gross value added and income by detailed industry (nama_10_a64);current_prices;Million euro, current prices
2018;PT;Portugal;C27;Manufacture of electrical equipment;B1G;CP_MEUR;647.8;;F012;D115;Eurostat — Gross value added and income by detailed industry (nama_10_a64);current_prices;Million euro, current prices
2018;PT;Portugal;C28;Manufacture of machinery and equipment n.e.c.;B1G;CP_MEUR;923.6;;F012;D115;Eurostat — Gross value added and income by detailed industry (nama_10_a64);current_prices;Million euro, current prices
2018;PT;Portugal;C29;Manufacture of motor vehicles, trailers and semi-trailers;B1G;CP_MEUR;1783.5;;F012;D115;Eurostat — Gross value added and income by detailed industry (nama_10_a64);current_prices;Million euro, current prices
2018;PT;Portugal;C29_C30;Manufacture of motor vehicles, trailers, semi-trailers and of other transport equipment;B1G;CP_MEUR;1985.2;;F012;D115;Eurostat — Gross value added and income by detailed industry (nama_10_a64);current_prices;Million euro, current prices
2018;PT;Portugal;C30;Manufacture of other transport equipment;B1G;CP_MEUR;201.7;;F012;D115;Eurostat — Gross value added and income by detailed industry (nama_10_a64);current_prices;Million euro, current prices
2018;PT;Portugal;C31-C33;"Manufacture of furniture; jewellery, musical instruments, toys; repair and installation of machinery and equipment";B1G;CP_MEUR;2132.5;;F012;D115;Eurostat — Gross value added and income by detailed industry (nama_10_a64);current_prices;Million euro, current prices
2018;PT;Portugal;C31_C32;"Manufacture of furniture; other manufacturing";B1G;CP_MEUR;1237.5;;F012;D115;Eurostat — Gross value added and income by detailed industry (nama_10_a64);current_prices;Million euro, current prices
2018;PT;Portugal;C33;Repair and installation of machinery and equipment;B1G;CP_MEUR;894.9;;F012;D115;Eurostat — Gross value added and income by detailed industry (nama_10_a64);current_prices;Million euro, current prices
2018;PT;Portugal;D;Electricity, gas, steam and air conditioning supply;B1G;CP_MEUR;4660.1;;F012;D115;Eurostat — Gross value added and income by detailed industry (nama_10_a64);current_prices;Million euro, current prices
2018;PT;Portugal;D35;Electricity, gas, steam and air conditioning supply;B1G;CP_MEUR;4660.1;;F012;D115;Eurostat — Gross value added and income by detailed industry (nama_10_a64);current_prices;Million euro, current prices
2018;PT;Portugal;E;"Water supply; sewerage, waste management and remediation activities";B1G;CP_MEUR;1678.4;;F012;D115;Eurostat — Gross value added and income by detailed industry (nama_10_a64);current_prices;Million euro, current prices
2018;PT;Portugal;E36;Water collection, treatment and supply;B1G;CP_MEUR;738.8;;F012;D115;Eurostat — Gross value added and income by detailed industry (nama_10_a64);current_prices;Million euro, current prices
2018;PT;Portugal;E37-E39;Sewerage, waste management, remediation activities;B1G;CP_MEUR;939.6;;F012;D115;Eurostat — Gross value added and income by detailed industry (nama_10_a64);current_prices;Million euro, current prices
2018;PT;Portugal;F;Construction;B1G;CP_MEUR;7541.1;;F012;D115;Eurostat — Gross value added and income by detailed industry (nama_10_a64);current_prices;Million euro, current prices
2018;PT;Portugal;G;"Wholesale and retail trade; repair of motor vehicles and motorcycles";B1G;CP_MEUR;23863.8;;F012;D115;Eurostat — Gross value added and income by detailed industry (nama_10_a64);current_prices;Million euro, current prices
2018;PT;Portugal;G-I;Wholesale and retail trade, transport, accommodation and food service activities;B1G;CP_MEUR;43375.0;;F012;D115;Eurostat — Gross value added and income by detailed industry (nama_10_a64);current_prices;Million euro, current prices
2018;PT;Portugal;G45;Wholesale and retail trade and repair of motor vehicles and motorcycles;B1G;CP_MEUR;2467.3;;F012;D115;Eurostat — Gross value added and income by detailed industry (nama_10_a64);current_prices;Million euro, current prices
2018;PT;Portugal;G46;Wholesale trade, except of motor vehicles and motorcycles;B1G;CP_MEUR;12105.1;;F012;D115;Eurostat — Gross value added and income by detailed industry (nama_10_a64);current_prices;Million euro, current prices
2018;PT;Portugal;G47;Retail trade, except of motor vehicles and motorcycles;B1G;CP_MEUR;9291.4;;F012;D115;Eurostat — Gross value added and income by detailed industry (nama_10_a64);current_prices;Million euro, current prices
2018;PT;Portugal;H;Transportation and storage;B1G;CP_MEUR;8786.0;;F012;D115;Eurostat — Gross value added and income by detailed industry (nama_10_a64);current_prices;Million euro, current prices
2018;PT;Portugal;H49;Land transport and transport via pipelines;B1G;CP_MEUR;3536.8;;F012;D115;Eurostat — Gross value added and income by detailed industry (nama_10_a64);current_prices;Million euro, current prices
2018;PT;Portugal;H50;Water transport;B1G;CP_MEUR;120.1;;F012;D115;Eurostat — Gross value added and income by detailed industry (nama_10_a64);current_prices;Million euro, current prices
2018;PT;Portugal;H51;Air transport;B1G;CP_MEUR;1018.5;;F012;D115;Eurostat — Gross value added and income by detailed industry (nama_10_a64);current_prices;Million euro, current prices
2018;PT;Portugal;H52;Warehousing and support activities for transportation;B1G;CP_MEUR;3602.5;;F012;D115;Eurostat — Gross value added and income by detailed industry (nama_10_a64);current_prices;Million euro, current prices
2018;PT;Portugal;H53;Postal and courier activities;B1G;CP_MEUR;508.1;;F012;D115;Eurostat — Gross value added and income by detailed industry (nama_10_a64);current_prices;Million euro, current prices
2018;PT;Portugal;I;Accommodation and food service activities;B1G;CP_MEUR;10725.2;;F012;D115;Eurostat — Gross value added and income by detailed industry (nama_10_a64);current_prices;Million euro, current prices
2018;PT;Portugal;J;Information and communication;B1G;CP_MEUR;6375.7;;F012;D115;Eurostat — Gross value added and income by detailed industry (nama_10_a64);current_prices;Million euro, current prices
2018;PT;Portugal;J58;Publishing activities;B1G;CP_MEUR;391.9;;F012;D115;Eurostat — Gross value added and income by detailed industry (nama_10_a64);current_prices;Million euro, current prices
2018;PT;Portugal;J58-J60;"Publishing, motion picture, video, television programme production; sound recording, programming and broadcasting activities";B1G;CP_MEUR;1084.0;;F012;D115;Eurostat — Gross value added and income by detailed industry (nama_10_a64);current_prices;Million euro, current prices
2018;PT;Portugal;J59_J60;"Motion picture, video, television programme production; programming and broadcasting activities";B1G;CP_MEUR;692.2;;F012;D115;Eurostat — Gross value added and income by detailed industry (nama_10_a64);current_prices;Million euro, current prices
2018;PT;Portugal;J61;Telecommunications;B1G;CP_MEUR;2317.6;;F012;D115;Eurostat — Gross value added and income by detailed industry (nama_10_a64);current_prices;Million euro, current prices
2018;PT;Portugal;J62_J63;Computer programming, consultancy, and information service activities;B1G;CP_MEUR;2974.1;;F012;D115;Eurostat — Gross value added and income by detailed industry (nama_10_a64);current_prices;Million euro, current prices
2018;PT;Portugal;K;Financial and insurance activities;B1G;CP_MEUR;8363.7;;F012;D115;Eurostat — Gross value added and income by detailed industry (nama_10_a64);current_prices;Million euro, current prices
2018;PT;Portugal;K64;Financial service activities, except insurance and pension funding;B1G;CP_MEUR;6362.4;;F012;D115;Eurostat — Gross value added and income by detailed industry (nama_10_a64);current_prices;Million euro, current prices
2018;PT;Portugal;K65;Insurance, reinsurance and pension funding, except compulsory social security;B1G;CP_MEUR;1334.6;;F012;D115;Eurostat — Gross value added and income by detailed industry (nama_10_a64);current_prices;Million euro, current prices
2018;PT;Portugal;K66;Activities auxiliary to financial services and insurance activities;B1G;CP_MEUR;666.8;;F012;D115;Eurostat — Gross value added and income by detailed industry (nama_10_a64);current_prices;Million euro, current prices
2018;PT;Portugal;L;Real estate activities;B1G;CP_MEUR;22163.3;;F012;D115;Eurostat — Gross value added and income by detailed industry (nama_10_a64);current_prices;Million euro, current prices
2018;PT;Portugal;L68;Real estate activities;B1G;CP_MEUR;22163.3;;F012;D115;Eurostat — Gross value added and income by detailed industry (nama_10_a64);current_prices;Million euro, current prices
2018;PT;Portugal;L68A;Imputed rents of owner-occupied dwellings;B1G;CP_MEUR;12998.0;;F012;D115;Eurostat — Gross value added and income by detailed industry (nama_10_a64);current_prices;Million euro, current prices
2018;PT;Portugal;M;Professional, scientific and technical activities;B1G;CP_MEUR;7255.8;;F012;D115;Eurostat — Gross value added and income by detailed industry (nama_10_a64);current_prices;Million euro, current prices
2018;PT;Portugal;M69-M71;"Legal and accounting activities; activities of head offices; management consultancy activities; architectural and engineering activities; technical testing and analysis";B1G;CP_MEUR;5379.6;;F012;D115;Eurostat — Gross value added and income by detailed industry (nama_10_a64);current_prices;Million euro, current prices
2018;PT;Portugal;M69_M70;"Legal and accounting activities; activities of head offices; management consultancy activities";B1G;CP_MEUR;3921.3;;F012;D115;Eurostat — Gross value added and income by detailed industry (nama_10_a64);current_prices;Million euro, current prices
2018;PT;Portugal;M71;"Architectural and engineering activities; technical testing and analysis";B1G;CP_MEUR;1458.4;;F012;D115;Eurostat — Gross value added and income by detailed industry (nama_10_a64);current_prices;Million euro, current prices
2018;PT;Portugal;M72;Scientific research and development;B1G;CP_MEUR;628.4;;F012;D115;Eurostat — Gross value added and income by detailed industry (nama_10_a64);current_prices;Million euro, current prices
2018;PT;Portugal;M73;Advertising and market research;B1G;CP_MEUR;523.7;;F012;D115;Eurostat — Gross value added and income by detailed industry (nama_10_a64);current_prices;Million euro, current prices
2018;PT;Portugal;M73-M75;"Advertising and market research; other professional, scientific and technical activities; veterinary activities";B1G;CP_MEUR;1247.8;;F012;D115;Eurostat — Gross value added and income by detailed industry (nama_10_a64);current_prices;Million euro, current prices
2018;PT;Portugal;M74_M75;"Other professional, scientific and technical activities; veterinary activities";B1G;CP_MEUR;724.0;;F012;D115;Eurostat — Gross value added and income by detailed industry (nama_10_a64);current_prices;Million euro, current prices
2018;PT;Portugal;M_N;"Professional, scientific and technical activities; administrative and support service activities";B1G;CP_MEUR;14405.1;;F012;D115;Eurostat — Gross value added and income by detailed industry (nama_10_a64);current_prices;Million euro, current prices
2018;PT;Portugal;N;Administrative and support service activities;B1G;CP_MEUR;7149.3;;F012;D115;Eurostat — Gross value added and income by detailed industry (nama_10_a64);current_prices;Million euro, current prices
2018;PT;Portugal;N77;Rental and leasing activities;B1G;CP_MEUR;1153.3;;F012;D115;Eurostat — Gross value added and income by detailed industry (nama_10_a64);current_prices;Million euro, current prices
2018;PT;Portugal;N78;Employment activities;B1G;CP_MEUR;1653.9;;F012;D115;Eurostat — Gross value added and income by detailed industry (nama_10_a64);current_prices;Million euro, current prices
2018;PT;Portugal;N79;Travel agency, tour operator and other reservation service and related activities;B1G;CP_MEUR;357.0;;F012;D115;Eurostat — Gross value added and income by detailed industry (nama_10_a64);current_prices;Million euro, current prices
2018;PT;Portugal;N80-N82;Security and investigation, service and landscape, office administrative and support activities;B1G;CP_MEUR;3985.0;;F012;D115;Eurostat — Gross value added and income by detailed industry (nama_10_a64);current_prices;Million euro, current prices
2018;PT;Portugal;O;"Public administration and defence; compulsory social security";B1G;CP_MEUR;12278.5;;F012;D115;Eurostat — Gross value added and income by detailed industry (nama_10_a64);current_prices;Million euro, current prices
2018;PT;Portugal;O-Q;Public administration, defence, education, human health and social work activities;B1G;CP_MEUR;33750.4;;F012;D115;Eurostat — Gross value added and income by detailed industry (nama_10_a64);current_prices;Million euro, current prices
2018;PT;Portugal;O84;"Public administration and defence; compulsory social security";B1G;CP_MEUR;12278.5;;F012;D115;Eurostat — Gross value added and income by detailed industry (nama_10_a64);current_prices;Million euro, current prices
2018;PT;Portugal;P;Education;B1G;CP_MEUR;9939.5;;F012;D115;Eurostat — Gross value added and income by detailed industry (nama_10_a64);current_prices;Million euro, current prices
2018;PT;Portugal;P85;Education;B1G;CP_MEUR;9939.5;;F012;D115;Eurostat — Gross value added and income by detailed industry (nama_10_a64);current_prices;Million euro, current prices
2018;PT;Portugal;Q;Human health and social work activities;B1G;CP_MEUR;11532.5;;F012;D115;Eurostat — Gross value added and income by detailed industry (nama_10_a64);current_prices;Million euro, current prices
2018;PT;Portugal;Q86;Human health activities;B1G;CP_MEUR;8501.1;;F012;D115;Eurostat — Gross value added and income by detailed industry (nama_10_a64);current_prices;Million euro, current prices
2018;PT;Portugal;Q87_Q88;Residential care activities and social work activities without accommodation;B1G;CP_MEUR;3031.4;;F012;D115;Eurostat — Gross value added and income by detailed industry (nama_10_a64);current_prices;Million euro, current prices
2018;PT;Portugal;R;Arts, entertainment and recreation;B1G;CP_MEUR;1580.6;;F012;D115;Eurostat — Gross value added and income by detailed industry (nama_10_a64);current_prices;Million euro, current prices
2018;PT;Portugal;R-U;"Arts, entertainment and recreation; other service activities; activities of household and extra-territorial organizations and bodies";B1G;CP_MEUR;5059.2;;F012;D115;Eurostat — Gross value added and income by detailed industry (nama_10_a64);current_prices;Million euro, current prices
2018;PT;Portugal;R90-R92;"Creative, arts and entertainment activities; libraries, archives, museums and other cultural activities; gambling and betting activities";B1G;CP_MEUR;738.7;;F012;D115;Eurostat — Gross value added and income by detailed industry (nama_10_a64);current_prices;Million euro, current prices
2018;PT;Portugal;R93;Sports activities and amusement and recreation activities;B1G;CP_MEUR;841.9;;F012;D115;Eurostat — Gross value added and income by detailed industry (nama_10_a64);current_prices;Million euro, current prices
2018;PT;Portugal;S;Other service activities;B1G;CP_MEUR;2358.3;;F012;D115;Eurostat — Gross value added and income by detailed industry (nama_10_a64);current_prices;Million euro, current prices
2018;PT;Portugal;S94;Activities of membership organisations;B1G;CP_MEUR;670.9;;F012;D115;Eurostat — Gross value added and income by detailed industry (nama_10_a64);current_prices;Million euro, current prices
2018;PT;Portugal;S95;Repair of computers and personal and household goods;B1G;CP_MEUR;226.2;;F012;D115;Eurostat — Gross value added and income by detailed industry (nama_10_a64);current_prices;Million euro, current prices
2018;PT;Portugal;S96;Other personal service activities;B1G;CP_MEUR;1461.2;;F012;D115;Eurostat — Gross value added and income by detailed industry (nama_10_a64);current_prices;Million euro, current prices
2018;PT;Portugal;T;"Activities of households as employers; undifferentiated goods- and services-producing activities of households for own use";B1G;CP_MEUR;1120.3;;F012;D115;Eurostat — Gross value added and income by detailed industry (nama_10_a64);current_prices;Million euro, current prices
2018;PT;Portugal;U;Activities of extraterritorial organisations and bodies;B1G;CP_MEUR;0.0;;F012;D115;Eurostat — Gross value added and income by detailed industry (nama_10_a64);current_prices;Million euro, current prices
2019;PT;Portugal;A;Agriculture, forestry and fishing;B1G;CP_MEUR;4289.6;;F012;D115;Eurostat — Gross value added and income by detailed industry (nama_10_a64);current_prices;Million euro, current prices
2019;PT;Portugal;A01;Crop and animal production, hunting and related service activities;B1G;CP_MEUR;3218.6;;F012;D115;Eurostat — Gross value added and income by detailed industry (nama_10_a64);current_prices;Million euro, current prices
2019;PT;Portugal;A02;Forestry and logging;B1G;CP_MEUR;695.3;;F012;D115;Eurostat — Gross value added and income by detailed industry (nama_10_a64);current_prices;Million euro, current prices
2019;PT;Portugal;A03;Fishing and aquaculture;B1G;CP_MEUR;375.6;;F012;D115;Eurostat — Gross value added and income by detailed industry (nama_10_a64);current_prices;Million euro, current prices
2019;PT;Portugal;B;Mining and quarrying;B1G;CP_MEUR;561.6;;F012;D115;Eurostat — Gross value added and income by detailed industry (nama_10_a64);current_prices;Million euro, current prices
2019;PT;Portugal;B-E;Industry (except construction);B1G;CP_MEUR;32357.0;;F012;D115;Eurostat — Gross value added and income by detailed industry (nama_10_a64);current_prices;Million euro, current prices
2019;PT;Portugal;C;Manufacturing;B1G;CP_MEUR;25605.3;;F012;D115;Eurostat — Gross value added and income by detailed industry (nama_10_a64);current_prices;Million euro, current prices
2019;PT;Portugal;C10-C12;"Manufacture of food products; beverages and tobacco products";B1G;CP_MEUR;4283.5;;F012;D115;Eurostat — Gross value added and income by detailed industry (nama_10_a64);current_prices;Million euro, current prices
2019;PT;Portugal;C13-C15;Manufacture of textiles, wearing apparel, leather and related products;B1G;CP_MEUR;4047.3;;F012;D115;Eurostat — Gross value added and income by detailed industry (nama_10_a64);current_prices;Million euro, current prices
2019;PT;Portugal;C16;"Manufacture of wood and of products of wood and cork, except furniture; manufacture of articles of straw and plaiting materials";B1G;CP_MEUR;1195.9;;F012;D115;Eurostat — Gross value added and income by detailed industry (nama_10_a64);current_prices;Million euro, current prices
2019;PT;Portugal;C16-C18;Manufacture of wood, paper, printing and reproduction;B1G;CP_MEUR;2693.2;;F012;D115;Eurostat — Gross value added and income by detailed industry (nama_10_a64);current_prices;Million euro, current prices
2019;PT;Portugal;C17;Manufacture of paper and paper products;B1G;CP_MEUR;1056.3;;F012;D115;Eurostat — Gross value added and income by detailed industry (nama_10_a64);current_prices;Million euro, current prices
2019;PT;Portugal;C18;Printing and reproduction of recorded media;B1G;CP_MEUR;441.0;;F012;D115;Eurostat — Gross value added and income by detailed industry (nama_10_a64);current_prices;Million euro, current prices
2019;PT;Portugal;C19;Manufacture of coke and refined petroleum products;B1G;CP_MEUR;420.6;;F012;D115;Eurostat — Gross value added and income by detailed industry (nama_10_a64);current_prices;Million euro, current prices
2019;PT;Portugal;C20;Manufacture of chemicals and chemical products;B1G;CP_MEUR;878.4;;F012;D115;Eurostat — Gross value added and income by detailed industry (nama_10_a64);current_prices;Million euro, current prices
2019;PT;Portugal;C21;Manufacture of basic pharmaceutical products and pharmaceutical preparations;B1G;CP_MEUR;618.2;;F012;D115;Eurostat — Gross value added and income by detailed industry (nama_10_a64);current_prices;Million euro, current prices
2019;PT;Portugal;C22;Manufacture of rubber and plastic products;B1G;CP_MEUR;1369.8;;F012;D115;Eurostat — Gross value added and income by detailed industry (nama_10_a64);current_prices;Million euro, current prices
2019;PT;Portugal;C22_C23;Manufacture of rubber and plastic products and other non-metallic mineral products;B1G;CP_MEUR;3053.5;;F012;D115;Eurostat — Gross value added and income by detailed industry (nama_10_a64);current_prices;Million euro, current prices
2019;PT;Portugal;C23;Manufacture of other non-metallic mineral products;B1G;CP_MEUR;1683.7;;F012;D115;Eurostat — Gross value added and income by detailed industry (nama_10_a64);current_prices;Million euro, current prices
2019;PT;Portugal;C24;Manufacture of basic metals;B1G;CP_MEUR;452.8;;F012;D115;Eurostat — Gross value added and income by detailed industry (nama_10_a64);current_prices;Million euro, current prices
2019;PT;Portugal;C24_C25;Manufacture of basic metals and fabricated metal products, except machinery and equipment;B1G;CP_MEUR;3082.0;;F012;D115;Eurostat — Gross value added and income by detailed industry (nama_10_a64);current_prices;Million euro, current prices
2019;PT;Portugal;C25;Manufacture of fabricated metal products, except machinery and equipment;B1G;CP_MEUR;2629.3;;F012;D115;Eurostat — Gross value added and income by detailed industry (nama_10_a64);current_prices;Million euro, current prices
2019;PT;Portugal;C26;Manufacture of computer, electronic and optical products;B1G;CP_MEUR;527.8;;F012;D115;Eurostat — Gross value added and income by detailed industry (nama_10_a64);current_prices;Million euro, current prices
2019;PT;Portugal;C27;Manufacture of electrical equipment;B1G;CP_MEUR;689.6;;F012;D115;Eurostat — Gross value added and income by detailed industry (nama_10_a64);current_prices;Million euro, current prices
2019;PT;Portugal;C28;Manufacture of machinery and equipment n.e.c.;B1G;CP_MEUR;946.1;;F012;D115;Eurostat — Gross value added and income by detailed industry (nama_10_a64);current_prices;Million euro, current prices
2019;PT;Portugal;C29;Manufacture of motor vehicles, trailers and semi-trailers;B1G;CP_MEUR;1863.8;;F012;D115;Eurostat — Gross value added and income by detailed industry (nama_10_a64);current_prices;Million euro, current prices
2019;PT;Portugal;C29_C30;Manufacture of motor vehicles, trailers, semi-trailers and of other transport equipment;B1G;CP_MEUR;2076.0;;F012;D115;Eurostat — Gross value added and income by detailed industry (nama_10_a64);current_prices;Million euro, current prices
2019;PT;Portugal;C30;Manufacture of other transport equipment;B1G;CP_MEUR;212.2;;F012;D115;Eurostat — Gross value added and income by detailed industry (nama_10_a64);current_prices;Million euro, current prices
2019;PT;Portugal;C31-C33;"Manufacture of furniture; jewellery, musical instruments, toys; repair and installation of machinery and equipment";B1G;CP_MEUR;2289.0;;F012;D115;Eurostat — Gross value added and income by detailed industry (nama_10_a64);current_prices;Million euro, current prices
2019;PT;Portugal;C31_C32;"Manufacture of furniture; other manufacturing";B1G;CP_MEUR;1314.0;;F012;D115;Eurostat — Gross value added and income by detailed industry (nama_10_a64);current_prices;Million euro, current prices
2019;PT;Portugal;C33;Repair and installation of machinery and equipment;B1G;CP_MEUR;975.0;;F012;D115;Eurostat — Gross value added and income by detailed industry (nama_10_a64);current_prices;Million euro, current prices
2019;PT;Portugal;D;Electricity, gas, steam and air conditioning supply;B1G;CP_MEUR;4426.8;;F012;D115;Eurostat — Gross value added and income by detailed industry (nama_10_a64);current_prices;Million euro, current prices
2019;PT;Portugal;D35;Electricity, gas, steam and air conditioning supply;B1G;CP_MEUR;4426.8;;F012;D115;Eurostat — Gross value added and income by detailed industry (nama_10_a64);current_prices;Million euro, current prices
2019;PT;Portugal;E;"Water supply; sewerage, waste management and remediation activities";B1G;CP_MEUR;1763.4;;F012;D115;Eurostat — Gross value added and income by detailed industry (nama_10_a64);current_prices;Million euro, current prices
2019;PT;Portugal;E36;Water collection, treatment and supply;B1G;CP_MEUR;802.3;;F012;D115;Eurostat — Gross value added and income by detailed industry (nama_10_a64);current_prices;Million euro, current prices
2019;PT;Portugal;E37-E39;Sewerage, waste management, remediation activities;B1G;CP_MEUR;961.1;;F012;D115;Eurostat — Gross value added and income by detailed industry (nama_10_a64);current_prices;Million euro, current prices
2019;PT;Portugal;F;Construction;B1G;CP_MEUR;8151.7;;F012;D115;Eurostat — Gross value added and income by detailed industry (nama_10_a64);current_prices;Million euro, current prices
2019;PT;Portugal;G;"Wholesale and retail trade; repair of motor vehicles and motorcycles";B1G;CP_MEUR;24675.1;;F012;D115;Eurostat — Gross value added and income by detailed industry (nama_10_a64);current_prices;Million euro, current prices
2019;PT;Portugal;G-I;Wholesale and retail trade, transport, accommodation and food service activities;B1G;CP_MEUR;45442.5;;F012;D115;Eurostat — Gross value added and income by detailed industry (nama_10_a64);current_prices;Million euro, current prices
2019;PT;Portugal;G45;Wholesale and retail trade and repair of motor vehicles and motorcycles;B1G;CP_MEUR;2526.6;;F012;D115;Eurostat — Gross value added and income by detailed industry (nama_10_a64);current_prices;Million euro, current prices
2019;PT;Portugal;G46;Wholesale trade, except of motor vehicles and motorcycles;B1G;CP_MEUR;11989.6;;F012;D115;Eurostat — Gross value added and income by detailed industry (nama_10_a64);current_prices;Million euro, current prices
2019;PT;Portugal;G47;Retail trade, except of motor vehicles and motorcycles;B1G;CP_MEUR;10158.8;;F012;D115;Eurostat — Gross value added and income by detailed industry (nama_10_a64);current_prices;Million euro, current prices
2019;PT;Portugal;H;Transportation and storage;B1G;CP_MEUR;9452.0;;F012;D115;Eurostat — Gross value added and income by detailed industry (nama_10_a64);current_prices;Million euro, current prices
2019;PT;Portugal;H49;Land transport and transport via pipelines;B1G;CP_MEUR;3814.2;;F012;D115;Eurostat — Gross value added and income by detailed industry (nama_10_a64);current_prices;Million euro, current prices
2019;PT;Portugal;H50;Water transport;B1G;CP_MEUR;155.7;;F012;D115;Eurostat — Gross value added and income by detailed industry (nama_10_a64);current_prices;Million euro, current prices
2019;PT;Portugal;H51;Air transport;B1G;CP_MEUR;1100.1;;F012;D115;Eurostat — Gross value added and income by detailed industry (nama_10_a64);current_prices;Million euro, current prices
2019;PT;Portugal;H52;Warehousing and support activities for transportation;B1G;CP_MEUR;3860.5;;F012;D115;Eurostat — Gross value added and income by detailed industry (nama_10_a64);current_prices;Million euro, current prices
2019;PT;Portugal;H53;Postal and courier activities;B1G;CP_MEUR;521.5;;F012;D115;Eurostat — Gross value added and income by detailed industry (nama_10_a64);current_prices;Million euro, current prices
2019;PT;Portugal;I;Accommodation and food service activities;B1G;CP_MEUR;11315.4;;F012;D115;Eurostat — Gross value added and income by detailed industry (nama_10_a64);current_prices;Million euro, current prices
2019;PT;Portugal;J;Information and communication;B1G;CP_MEUR;7140.6;;F012;D115;Eurostat — Gross value added and income by detailed industry (nama_10_a64);current_prices;Million euro, current prices
2019;PT;Portugal;J58;Publishing activities;B1G;CP_MEUR;440.9;;F012;D115;Eurostat — Gross value added and income by detailed industry (nama_10_a64);current_prices;Million euro, current prices
2019;PT;Portugal;J58-J60;"Publishing, motion picture, video, television programme production; sound recording, programming and broadcasting activities";B1G;CP_MEUR;1154.4;;F012;D115;Eurostat — Gross value added and income by detailed industry (nama_10_a64);current_prices;Million euro, current prices
2019;PT;Portugal;J59_J60;"Motion picture, video, television programme production; programming and broadcasting activities";B1G;CP_MEUR;713.5;;F012;D115;Eurostat — Gross value added and income by detailed industry (nama_10_a64);current_prices;Million euro, current prices
2019;PT;Portugal;J61;Telecommunications;B1G;CP_MEUR;2427.5;;F012;D115;Eurostat — Gross value added and income by detailed industry (nama_10_a64);current_prices;Million euro, current prices
2019;PT;Portugal;J62_J63;Computer programming, consultancy, and information service activities;B1G;CP_MEUR;3558.8;;F012;D115;Eurostat — Gross value added and income by detailed industry (nama_10_a64);current_prices;Million euro, current prices
2019;PT;Portugal;K;Financial and insurance activities;B1G;CP_MEUR;8909.7;;F012;D115;Eurostat — Gross value added and income by detailed industry (nama_10_a64);current_prices;Million euro, current prices
2019;PT;Portugal;K64;Financial service activities, except insurance and pension funding;B1G;CP_MEUR;6677.0;;F012;D115;Eurostat — Gross value added and income by detailed industry (nama_10_a64);current_prices;Million euro, current prices
2019;PT;Portugal;K65;Insurance, reinsurance and pension funding, except compulsory social security;B1G;CP_MEUR;1537.2;;F012;D115;Eurostat — Gross value added and income by detailed industry (nama_10_a64);current_prices;Million euro, current prices
2019;PT;Portugal;K66;Activities auxiliary to financial services and insurance activities;B1G;CP_MEUR;695.5;;F012;D115;Eurostat — Gross value added and income by detailed industry (nama_10_a64);current_prices;Million euro, current prices
2019;PT;Portugal;L;Real estate activities;B1G;CP_MEUR;23260.5;;F012;D115;Eurostat — Gross value added and income by detailed industry (nama_10_a64);current_prices;Million euro, current prices
2019;PT;Portugal;L68;Real estate activities;B1G;CP_MEUR;23260.5;;F012;D115;Eurostat — Gross value added and income by detailed industry (nama_10_a64);current_prices;Million euro, current prices
2019;PT;Portugal;L68A;Imputed rents of owner-occupied dwellings;B1G;CP_MEUR;13371.3;;F012;D115;Eurostat — Gross value added and income by detailed industry (nama_10_a64);current_prices;Million euro, current prices
2019;PT;Portugal;M;Professional, scientific and technical activities;B1G;CP_MEUR;7972.0;;F012;D115;Eurostat — Gross value added and income by detailed industry (nama_10_a64);current_prices;Million euro, current prices
2019;PT;Portugal;M69-M71;"Legal and accounting activities; activities of head offices; management consultancy activities; architectural and engineering activities; technical testing and analysis";B1G;CP_MEUR;5893.9;;F012;D115;Eurostat — Gross value added and income by detailed industry (nama_10_a64);current_prices;Million euro, current prices
2019;PT;Portugal;M69_M70;"Legal and accounting activities; activities of head offices; management consultancy activities";B1G;CP_MEUR;4297.2;;F012;D115;Eurostat — Gross value added and income by detailed industry (nama_10_a64);current_prices;Million euro, current prices
2019;PT;Portugal;M71;"Architectural and engineering activities; technical testing and analysis";B1G;CP_MEUR;1596.7;;F012;D115;Eurostat — Gross value added and income by detailed industry (nama_10_a64);current_prices;Million euro, current prices
2019;PT;Portugal;M72;Scientific research and development;B1G;CP_MEUR;665.8;;F012;D115;Eurostat — Gross value added and income by detailed industry (nama_10_a64);current_prices;Million euro, current prices
2019;PT;Portugal;M73;Advertising and market research;B1G;CP_MEUR;548.8;;F012;D115;Eurostat — Gross value added and income by detailed industry (nama_10_a64);current_prices;Million euro, current prices
2019;PT;Portugal;M73-M75;"Advertising and market research; other professional, scientific and technical activities; veterinary activities";B1G;CP_MEUR;1412.3;;F012;D115;Eurostat — Gross value added and income by detailed industry (nama_10_a64);current_prices;Million euro, current prices
2019;PT;Portugal;M74_M75;"Other professional, scientific and technical activities; veterinary activities";B1G;CP_MEUR;863.5;;F012;D115;Eurostat — Gross value added and income by detailed industry (nama_10_a64);current_prices;Million euro, current prices
2019;PT;Portugal;M_N;"Professional, scientific and technical activities; administrative and support service activities";B1G;CP_MEUR;15425.6;;F012;D115;Eurostat — Gross value added and income by detailed industry (nama_10_a64);current_prices;Million euro, current prices
2019;PT;Portugal;N;Administrative and support service activities;B1G;CP_MEUR;7453.6;;F012;D115;Eurostat — Gross value added and income by detailed industry (nama_10_a64);current_prices;Million euro, current prices
2019;PT;Portugal;N77;Rental and leasing activities;B1G;CP_MEUR;1185.2;;F012;D115;Eurostat — Gross value added and income by detailed industry (nama_10_a64);current_prices;Million euro, current prices
2019;PT;Portugal;N78;Employment activities;B1G;CP_MEUR;1635.3;;F012;D115;Eurostat — Gross value added and income by detailed industry (nama_10_a64);current_prices;Million euro, current prices
2019;PT;Portugal;N79;Travel agency, tour operator and other reservation service and related activities;B1G;CP_MEUR;368.0;;F012;D115;Eurostat — Gross value added and income by detailed industry (nama_10_a64);current_prices;Million euro, current prices
2019;PT;Portugal;N80-N82;Security and investigation, service and landscape, office administrative and support activities;B1G;CP_MEUR;4264.9;;F012;D115;Eurostat — Gross value added and income by detailed industry (nama_10_a64);current_prices;Million euro, current prices
2019;PT;Portugal;O;"Public administration and defence; compulsory social security";B1G;CP_MEUR;12762.6;;F012;D115;Eurostat — Gross value added and income by detailed industry (nama_10_a64);current_prices;Million euro, current prices
2019;PT;Portugal;O-Q;Public administration, defence, education, human health and social work activities;B1G;CP_MEUR;35169.9;;F012;D115;Eurostat — Gross value added and income by detailed industry (nama_10_a64);current_prices;Million euro, current prices
2019;PT;Portugal;O84;"Public administration and defence; compulsory social security";B1G;CP_MEUR;12762.6;;F012;D115;Eurostat — Gross value added and income by detailed industry (nama_10_a64);current_prices;Million euro, current prices
2019;PT;Portugal;P;Education;B1G;CP_MEUR;10198.6;;F012;D115;Eurostat — Gross value added and income by detailed industry (nama_10_a64);current_prices;Million euro, current prices
2019;PT;Portugal;P85;Education;B1G;CP_MEUR;10198.6;;F012;D115;Eurostat — Gross value added and income by detailed industry (nama_10_a64);current_prices;Million euro, current prices
2019;PT;Portugal;Q;Human health and social work activities;B1G;CP_MEUR;12208.7;;F012;D115;Eurostat — Gross value added and income by detailed industry (nama_10_a64);current_prices;Million euro, current prices
2019;PT;Portugal;Q86;Human health activities;B1G;CP_MEUR;9089.3;;F012;D115;Eurostat — Gross value added and income by detailed industry (nama_10_a64);current_prices;Million euro, current prices
2019;PT;Portugal;Q87_Q88;Residential care activities and social work activities without accommodation;B1G;CP_MEUR;3119.5;;F012;D115;Eurostat — Gross value added and income by detailed industry (nama_10_a64);current_prices;Million euro, current prices
2019;PT;Portugal;R;Arts, entertainment and recreation;B1G;CP_MEUR;1697.8;;F012;D115;Eurostat — Gross value added and income by detailed industry (nama_10_a64);current_prices;Million euro, current prices
2019;PT;Portugal;R-U;"Arts, entertainment and recreation; other service activities; activities of household and extra-territorial organizations and bodies";B1G;CP_MEUR;5326.8;;F012;D115;Eurostat — Gross value added and income by detailed industry (nama_10_a64);current_prices;Million euro, current prices
2019;PT;Portugal;R90-R92;"Creative, arts and entertainment activities; libraries, archives, museums and other cultural activities; gambling and betting activities";B1G;CP_MEUR;808.0;;F012;D115;Eurostat — Gross value added and income by detailed industry (nama_10_a64);current_prices;Million euro, current prices
2019;PT;Portugal;R93;Sports activities and amusement and recreation activities;B1G;CP_MEUR;889.8;;F012;D115;Eurostat — Gross value added and income by detailed industry (nama_10_a64);current_prices;Million euro, current prices
2019;PT;Portugal;S;Other service activities;B1G;CP_MEUR;2459.7;;F012;D115;Eurostat — Gross value added and income by detailed industry (nama_10_a64);current_prices;Million euro, current prices
2019;PT;Portugal;S94;Activities of membership organisations;B1G;CP_MEUR;691.1;;F012;D115;Eurostat — Gross value added and income by detailed industry (nama_10_a64);current_prices;Million euro, current prices
2019;PT;Portugal;S95;Repair of computers and personal and household goods;B1G;CP_MEUR;223.2;;F012;D115;Eurostat — Gross value added and income by detailed industry (nama_10_a64);current_prices;Million euro, current prices
2019;PT;Portugal;S96;Other personal service activities;B1G;CP_MEUR;1545.4;;F012;D115;Eurostat — Gross value added and income by detailed industry (nama_10_a64);current_prices;Million euro, current prices
2019;PT;Portugal;T;"Activities of households as employers; undifferentiated goods- and services-producing activities of households for own use";B1G;CP_MEUR;1169.3;;F012;D115;Eurostat — Gross value added and income by detailed industry (nama_10_a64);current_prices;Million euro, current prices
2019;PT;Portugal;U;Activities of extraterritorial organisations and bodies;B1G;CP_MEUR;0.0;;F012;D115;Eurostat — Gross value added and income by detailed industry (nama_10_a64);current_prices;Million euro, current prices
2020;PT;Portugal;A;Agriculture, forestry and fishing;B1G;CP_MEUR;4303.9;;F012;D115;Eurostat — Gross value added and income by detailed industry (nama_10_a64);current_prices;Million euro, current prices
2020;PT;Portugal;A01;Crop and animal production, hunting and related service activities;B1G;CP_MEUR;3155.6;;F012;D115;Eurostat — Gross value added and income by detailed industry (nama_10_a64);current_prices;Million euro, current prices
2020;PT;Portugal;A02;Forestry and logging;B1G;CP_MEUR;813.8;;F012;D115;Eurostat — Gross value added and income by detailed industry (nama_10_a64);current_prices;Million euro, current prices
2020;PT;Portugal;A03;Fishing and aquaculture;B1G;CP_MEUR;334.5;;F012;D115;Eurostat — Gross value added and income by detailed industry (nama_10_a64);current_prices;Million euro, current prices
2020;PT;Portugal;B;Mining and quarrying;B1G;CP_MEUR;524.8;;F012;D115;Eurostat — Gross value added and income by detailed industry (nama_10_a64);current_prices;Million euro, current prices
2020;PT;Portugal;B-E;Industry (except construction);B1G;CP_MEUR;30637.1;;F012;D115;Eurostat — Gross value added and income by detailed industry (nama_10_a64);current_prices;Million euro, current prices
2020;PT;Portugal;C;Manufacturing;B1G;CP_MEUR;24304.9;;F012;D115;Eurostat — Gross value added and income by detailed industry (nama_10_a64);current_prices;Million euro, current prices
2020;PT;Portugal;C10-C12;"Manufacture of food products; beverages and tobacco products";B1G;CP_MEUR;4163.9;;F012;D115;Eurostat — Gross value added and income by detailed industry (nama_10_a64);current_prices;Million euro, current prices
2020;PT;Portugal;C13-C15;Manufacture of textiles, wearing apparel, leather and related products;B1G;CP_MEUR;3819.4;;F012;D115;Eurostat — Gross value added and income by detailed industry (nama_10_a64);current_prices;Million euro, current prices
2020;PT;Portugal;C16;"Manufacture of wood and of products of wood and cork, except furniture; manufacture of articles of straw and plaiting materials";B1G;CP_MEUR;1225.0;;F012;D115;Eurostat — Gross value added and income by detailed industry (nama_10_a64);current_prices;Million euro, current prices
2020;PT;Portugal;C16-C18;Manufacture of wood, paper, printing and reproduction;B1G;CP_MEUR;2470.5;;F012;D115;Eurostat — Gross value added and income by detailed industry (nama_10_a64);current_prices;Million euro, current prices
2020;PT;Portugal;C17;Manufacture of paper and paper products;B1G;CP_MEUR;877.7;;F012;D115;Eurostat — Gross value added and income by detailed industry (nama_10_a64);current_prices;Million euro, current prices
2020;PT;Portugal;C18;Printing and reproduction of recorded media;B1G;CP_MEUR;367.8;;F012;D115;Eurostat — Gross value added and income by detailed industry (nama_10_a64);current_prices;Million euro, current prices
2020;PT;Portugal;C19;Manufacture of coke and refined petroleum products;B1G;CP_MEUR;-63.1;;F012;D115;Eurostat — Gross value added and income by detailed industry (nama_10_a64);current_prices;Million euro, current prices
2020;PT;Portugal;C20;Manufacture of chemicals and chemical products;B1G;CP_MEUR;965.8;;F012;D115;Eurostat — Gross value added and income by detailed industry (nama_10_a64);current_prices;Million euro, current prices
2020;PT;Portugal;C21;Manufacture of basic pharmaceutical products and pharmaceutical preparations;B1G;CP_MEUR;737.0;;F012;D115;Eurostat — Gross value added and income by detailed industry (nama_10_a64);current_prices;Million euro, current prices
2020;PT;Portugal;C22;Manufacture of rubber and plastic products;B1G;CP_MEUR;1416.8;;F012;D115;Eurostat — Gross value added and income by detailed industry (nama_10_a64);current_prices;Million euro, current prices
2020;PT;Portugal;C22_C23;Manufacture of rubber and plastic products and other non-metallic mineral products;B1G;CP_MEUR;3143.9;;F012;D115;Eurostat — Gross value added and income by detailed industry (nama_10_a64);current_prices;Million euro, current prices
2020;PT;Portugal;C23;Manufacture of other non-metallic mineral products;B1G;CP_MEUR;1727.1;;F012;D115;Eurostat — Gross value added and income by detailed industry (nama_10_a64);current_prices;Million euro, current prices
2020;PT;Portugal;C24;Manufacture of basic metals;B1G;CP_MEUR;424.7;;F012;D115;Eurostat — Gross value added and income by detailed industry (nama_10_a64);current_prices;Million euro, current prices
2020;PT;Portugal;C24_C25;Manufacture of basic metals and fabricated metal products, except machinery and equipment;B1G;CP_MEUR;2980.2;;F012;D115;Eurostat — Gross value added and income by detailed industry (nama_10_a64);current_prices;Million euro, current prices
2020;PT;Portugal;C25;Manufacture of fabricated metal products, except machinery and equipment;B1G;CP_MEUR;2555.5;;F012;D115;Eurostat — Gross value added and income by detailed industry (nama_10_a64);current_prices;Million euro, current prices
2020;PT;Portugal;C26;Manufacture of computer, electronic and optical products;B1G;CP_MEUR;459.9;;F012;D115;Eurostat — Gross value added and income by detailed industry (nama_10_a64);current_prices;Million euro, current prices
2020;PT;Portugal;C27;Manufacture of electrical equipment;B1G;CP_MEUR;656.2;;F012;D115;Eurostat — Gross value added and income by detailed industry (nama_10_a64);current_prices;Million euro, current prices
2020;PT;Portugal;C28;Manufacture of machinery and equipment n.e.c.;B1G;CP_MEUR;920.4;;F012;D115;Eurostat — Gross value added and income by detailed industry (nama_10_a64);current_prices;Million euro, current prices
2020;PT;Portugal;C29;Manufacture of motor vehicles, trailers and semi-trailers;B1G;CP_MEUR;1647.7;;F012;D115;Eurostat — Gross value added and income by detailed industry (nama_10_a64);current_prices;Million euro, current prices
2020;PT;Portugal;C29_C30;Manufacture of motor vehicles, trailers, semi-trailers and of other transport equipment;B1G;CP_MEUR;1863.7;;F012;D115;Eurostat — Gross value added and income by detailed industry (nama_10_a64);current_prices;Million euro, current prices
2020;PT;Portugal;C30;Manufacture of other transport equipment;B1G;CP_MEUR;216.0;;F012;D115;Eurostat — Gross value added and income by detailed industry (nama_10_a64);current_prices;Million euro, current prices
2020;PT;Portugal;C31-C33;"Manufacture of furniture; jewellery, musical instruments, toys; repair and installation of machinery and equipment";B1G;CP_MEUR;2187.2;;F012;D115;Eurostat — Gross value added and income by detailed industry (nama_10_a64);current_prices;Million euro, current prices
2020;PT;Portugal;C31_C32;"Manufacture of furniture; other manufacturing";B1G;CP_MEUR;1259.7;;F012;D115;Eurostat — Gross value added and income by detailed industry (nama_10_a64);current_prices;Million euro, current prices
2020;PT;Portugal;C33;Repair and installation of machinery and equipment;B1G;CP_MEUR;927.5;;F012;D115;Eurostat — Gross value added and income by detailed industry (nama_10_a64);current_prices;Million euro, current prices
2020;PT;Portugal;D;Electricity, gas, steam and air conditioning supply;B1G;CP_MEUR;3959.1;;F012;D115;Eurostat — Gross value added and income by detailed industry (nama_10_a64);current_prices;Million euro, current prices
2020;PT;Portugal;D35;Electricity, gas, steam and air conditioning supply;B1G;CP_MEUR;3959.1;;F012;D115;Eurostat — Gross value added and income by detailed industry (nama_10_a64);current_prices;Million euro, current prices
2020;PT;Portugal;E;"Water supply; sewerage, waste management and remediation activities";B1G;CP_MEUR;1848.3;;F012;D115;Eurostat — Gross value added and income by detailed industry (nama_10_a64);current_prices;Million euro, current prices
2020;PT;Portugal;E36;Water collection, treatment and supply;B1G;CP_MEUR;808.9;;F012;D115;Eurostat — Gross value added and income by detailed industry (nama_10_a64);current_prices;Million euro, current prices
2020;PT;Portugal;E37-E39;Sewerage, waste management, remediation activities;B1G;CP_MEUR;1039.4;;F012;D115;Eurostat — Gross value added and income by detailed industry (nama_10_a64);current_prices;Million euro, current prices
2020;PT;Portugal;F;Construction;B1G;CP_MEUR;8352.2;;F012;D115;Eurostat — Gross value added and income by detailed industry (nama_10_a64);current_prices;Million euro, current prices
2020;PT;Portugal;G;"Wholesale and retail trade; repair of motor vehicles and motorcycles";B1G;CP_MEUR;23154.7;;F012;D115;Eurostat — Gross value added and income by detailed industry (nama_10_a64);current_prices;Million euro, current prices
2020;PT;Portugal;G-I;Wholesale and retail trade, transport, accommodation and food service activities;B1G;CP_MEUR;36532.9;;F012;D115;Eurostat — Gross value added and income by detailed industry (nama_10_a64);current_prices;Million euro, current prices
2020;PT;Portugal;G45;Wholesale and retail trade and repair of motor vehicles and motorcycles;B1G;CP_MEUR;2286.2;;F012;D115;Eurostat — Gross value added and income by detailed industry (nama_10_a64);current_prices;Million euro, current prices
2020;PT;Portugal;G46;Wholesale trade, except of motor vehicles and motorcycles;B1G;CP_MEUR;11633.6;;F012;D115;Eurostat — Gross value added and income by detailed industry (nama_10_a64);current_prices;Million euro, current prices
2020;PT;Portugal;G47;Retail trade, except of motor vehicles and motorcycles;B1G;CP_MEUR;9235.0;;F012;D115;Eurostat — Gross value added and income by detailed industry (nama_10_a64);current_prices;Million euro, current prices
2020;PT;Portugal;H;Transportation and storage;B1G;CP_MEUR;6989.4;;F012;D115;Eurostat — Gross value added and income by detailed industry (nama_10_a64);current_prices;Million euro, current prices
2020;PT;Portugal;H49;Land transport and transport via pipelines;B1G;CP_MEUR;3619.1;;F012;D115;Eurostat — Gross value added and income by detailed industry (nama_10_a64);current_prices;Million euro, current prices
2020;PT;Portugal;H50;Water transport;B1G;CP_MEUR;125.3;;F012;D115;Eurostat — Gross value added and income by detailed industry (nama_10_a64);current_prices;Million euro, current prices
2020;PT;Portugal;H51;Air transport;B1G;CP_MEUR;-127.5;;F012;D115;Eurostat — Gross value added and income by detailed industry (nama_10_a64);current_prices;Million euro, current prices
2020;PT;Portugal;H52;Warehousing and support activities for transportation;B1G;CP_MEUR;2877.7;;F012;D115;Eurostat — Gross value added and income by detailed industry (nama_10_a64);current_prices;Million euro, current prices
2020;PT;Portugal;H53;Postal and courier activities;B1G;CP_MEUR;494.9;;F012;D115;Eurostat — Gross value added and income by detailed industry (nama_10_a64);current_prices;Million euro, current prices
2020;PT;Portugal;I;Accommodation and food service activities;B1G;CP_MEUR;6388.7;;F012;D115;Eurostat — Gross value added and income by detailed industry (nama_10_a64);current_prices;Million euro, current prices
2020;PT;Portugal;J;Information and communication;B1G;CP_MEUR;7782.4;;F012;D115;Eurostat — Gross value added and income by detailed industry (nama_10_a64);current_prices;Million euro, current prices
2020;PT;Portugal;J58;Publishing activities;B1G;CP_MEUR;503.1;;F012;D115;Eurostat — Gross value added and income by detailed industry (nama_10_a64);current_prices;Million euro, current prices
2020;PT;Portugal;J58-J60;"Publishing, motion picture, video, television programme production; sound recording, programming and broadcasting activities";B1G;CP_MEUR;1150.5;;F012;D115;Eurostat — Gross value added and income by detailed industry (nama_10_a64);current_prices;Million euro, current prices
2020;PT;Portugal;J59_J60;"Motion picture, video, television programme production; programming and broadcasting activities";B1G;CP_MEUR;647.4;;F012;D115;Eurostat — Gross value added and income by detailed industry (nama_10_a64);current_prices;Million euro, current prices
2020;PT;Portugal;J61;Telecommunications;B1G;CP_MEUR;2495.2;;F012;D115;Eurostat — Gross value added and income by detailed industry (nama_10_a64);current_prices;Million euro, current prices
2020;PT;Portugal;J62_J63;Computer programming, consultancy, and information service activities;B1G;CP_MEUR;4136.8;;F012;D115;Eurostat — Gross value added and income by detailed industry (nama_10_a64);current_prices;Million euro, current prices
2020;PT;Portugal;K;Financial and insurance activities;B1G;CP_MEUR;9255.8;;F012;D115;Eurostat — Gross value added and income by detailed industry (nama_10_a64);current_prices;Million euro, current prices
2020;PT;Portugal;K64;Financial service activities, except insurance and pension funding;B1G;CP_MEUR;6723.5;;F012;D115;Eurostat — Gross value added and income by detailed industry (nama_10_a64);current_prices;Million euro, current prices
2020;PT;Portugal;K65;Insurance, reinsurance and pension funding, except compulsory social security;B1G;CP_MEUR;1713.1;;F012;D115;Eurostat — Gross value added and income by detailed industry (nama_10_a64);current_prices;Million euro, current prices
2020;PT;Portugal;K66;Activities auxiliary to financial services and insurance activities;B1G;CP_MEUR;819.2;;F012;D115;Eurostat — Gross value added and income by detailed industry (nama_10_a64);current_prices;Million euro, current prices
2020;PT;Portugal;L;Real estate activities;B1G;CP_MEUR;23562.4;;F012;D115;Eurostat — Gross value added and income by detailed industry (nama_10_a64);current_prices;Million euro, current prices
2020;PT;Portugal;L68;Real estate activities;B1G;CP_MEUR;23562.4;;F012;D115;Eurostat — Gross value added and income by detailed industry (nama_10_a64);current_prices;Million euro, current prices
2020;PT;Portugal;L68A;Imputed rents of owner-occupied dwellings;B1G;CP_MEUR;13714.7;;F012;D115;Eurostat — Gross value added and income by detailed industry (nama_10_a64);current_prices;Million euro, current prices
2020;PT;Portugal;M;Professional, scientific and technical activities;B1G;CP_MEUR;8142.7;;F012;D115;Eurostat — Gross value added and income by detailed industry (nama_10_a64);current_prices;Million euro, current prices
2020;PT;Portugal;M69-M71;"Legal and accounting activities; activities of head offices; management consultancy activities; architectural and engineering activities; technical testing and analysis";B1G;CP_MEUR;6084.9;;F012;D115;Eurostat — Gross value added and income by detailed industry (nama_10_a64);current_prices;Million euro, current prices
2020;PT;Portugal;M69_M70;"Legal and accounting activities; activities of head offices; management consultancy activities";B1G;CP_MEUR;4514.6;;F012;D115;Eurostat — Gross value added and income by detailed industry (nama_10_a64);current_prices;Million euro, current prices
2020;PT;Portugal;M71;"Architectural and engineering activities; technical testing and analysis";B1G;CP_MEUR;1570.3;;F012;D115;Eurostat — Gross value added and income by detailed industry (nama_10_a64);current_prices;Million euro, current prices
2020;PT;Portugal;M72;Scientific research and development;B1G;CP_MEUR;669.5;;F012;D115;Eurostat — Gross value added and income by detailed industry (nama_10_a64);current_prices;Million euro, current prices
2020;PT;Portugal;M73;Advertising and market research;B1G;CP_MEUR;504.1;;F012;D115;Eurostat — Gross value added and income by detailed industry (nama_10_a64);current_prices;Million euro, current prices
2020;PT;Portugal;M73-M75;"Advertising and market research; other professional, scientific and technical activities; veterinary activities";B1G;CP_MEUR;1388.4;;F012;D115;Eurostat — Gross value added and income by detailed industry (nama_10_a64);current_prices;Million euro, current prices
2020;PT;Portugal;M74_M75;"Other professional, scientific and technical activities; veterinary activities";B1G;CP_MEUR;884.3;;F012;D115;Eurostat — Gross value added and income by detailed industry (nama_10_a64);current_prices;Million euro, current prices
2020;PT;Portugal;M_N;"Professional, scientific and technical activities; administrative and support service activities";B1G;CP_MEUR;14787.1;;F012;D115;Eurostat — Gross value added and income by detailed industry (nama_10_a64);current_prices;Million euro, current prices
2020;PT;Portugal;N;Administrative and support service activities;B1G;CP_MEUR;6644.3;;F012;D115;Eurostat — Gross value added and income by detailed industry (nama_10_a64);current_prices;Million euro, current prices
2020;PT;Portugal;N77;Rental and leasing activities;B1G;CP_MEUR;884.6;;F012;D115;Eurostat — Gross value added and income by detailed industry (nama_10_a64);current_prices;Million euro, current prices
2020;PT;Portugal;N78;Employment activities;B1G;CP_MEUR;1367.9;;F012;D115;Eurostat — Gross value added and income by detailed industry (nama_10_a64);current_prices;Million euro, current prices
2020;PT;Portugal;N79;Travel agency, tour operator and other reservation service and related activities;B1G;CP_MEUR;92.4;;F012;D115;Eurostat — Gross value added and income by detailed industry (nama_10_a64);current_prices;Million euro, current prices
2020;PT;Portugal;N80-N82;Security and investigation, service and landscape, office administrative and support activities;B1G;CP_MEUR;4299.4;;F012;D115;Eurostat — Gross value added and income by detailed industry (nama_10_a64);current_prices;Million euro, current prices
2020;PT;Portugal;O;"Public administration and defence; compulsory social security";B1G;CP_MEUR;12907.9;;F012;D115;Eurostat — Gross value added and income by detailed industry (nama_10_a64);current_prices;Million euro, current prices
2020;PT;Portugal;O-Q;Public administration, defence, education, human health and social work activities;B1G;CP_MEUR;35388.4;;F012;D115;Eurostat — Gross value added and income by detailed industry (nama_10_a64);current_prices;Million euro, current prices
2020;PT;Portugal;O84;"Public administration and defence; compulsory social security";B1G;CP_MEUR;12907.9;;F012;D115;Eurostat — Gross value added and income by detailed industry (nama_10_a64);current_prices;Million euro, current prices
2020;PT;Portugal;P;Education;B1G;CP_MEUR;10311.9;;F012;D115;Eurostat — Gross value added and income by detailed industry (nama_10_a64);current_prices;Million euro, current prices
2020;PT;Portugal;P85;Education;B1G;CP_MEUR;10311.9;;F012;D115;Eurostat — Gross value added and income by detailed industry (nama_10_a64);current_prices;Million euro, current prices
2020;PT;Portugal;Q;Human health and social work activities;B1G;CP_MEUR;12168.7;;F012;D115;Eurostat — Gross value added and income by detailed industry (nama_10_a64);current_prices;Million euro, current prices
2020;PT;Portugal;Q86;Human health activities;B1G;CP_MEUR;9040.7;;F012;D115;Eurostat — Gross value added and income by detailed industry (nama_10_a64);current_prices;Million euro, current prices
2020;PT;Portugal;Q87_Q88;Residential care activities and social work activities without accommodation;B1G;CP_MEUR;3128.0;;F012;D115;Eurostat — Gross value added and income by detailed industry (nama_10_a64);current_prices;Million euro, current prices
2020;PT;Portugal;R;Arts, entertainment and recreation;B1G;CP_MEUR;1237.1;;F012;D115;Eurostat — Gross value added and income by detailed industry (nama_10_a64);current_prices;Million euro, current prices
2020;PT;Portugal;R-U;"Arts, entertainment and recreation; other service activities; activities of household and extra-territorial organizations and bodies";B1G;CP_MEUR;4502.0;;F012;D115;Eurostat — Gross value added and income by detailed industry (nama_10_a64);current_prices;Million euro, current prices
2020;PT;Portugal;R90-R92;"Creative, arts and entertainment activities; libraries, archives, museums and other cultural activities; gambling and betting activities";B1G;CP_MEUR;668.9;;F012;D115;Eurostat — Gross value added and income by detailed industry (nama_10_a64);current_prices;Million euro, current prices
2020;PT;Portugal;R93;Sports activities and amusement and recreation activities;B1G;CP_MEUR;568.2;;F012;D115;Eurostat — Gross value added and income by detailed industry (nama_10_a64);current_prices;Million euro, current prices
2020;PT;Portugal;S;Other service activities;B1G;CP_MEUR;2158.5;;F012;D115;Eurostat — Gross value added and income by detailed industry (nama_10_a64);current_prices;Million euro, current prices
2020;PT;Portugal;S94;Activities of membership organisations;B1G;CP_MEUR;726.5;;F012;D115;Eurostat — Gross value added and income by detailed industry (nama_10_a64);current_prices;Million euro, current prices
2020;PT;Portugal;S95;Repair of computers and personal and household goods;B1G;CP_MEUR;204.8;;F012;D115;Eurostat — Gross value added and income by detailed industry (nama_10_a64);current_prices;Million euro, current prices
2020;PT;Portugal;S96;Other personal service activities;B1G;CP_MEUR;1227.3;;F012;D115;Eurostat — Gross value added and income by detailed industry (nama_10_a64);current_prices;Million euro, current prices
2020;PT;Portugal;T;"Activities of households as employers; undifferentiated goods- and services-producing activities of households for own use";B1G;CP_MEUR;1106.3;;F012;D115;Eurostat — Gross value added and income by detailed industry (nama_10_a64);current_prices;Million euro, current prices
2020;PT;Portugal;U;Activities of extraterritorial organisations and bodies;B1G;CP_MEUR;0.0;;F012;D115;Eurostat — Gross value added and income by detailed industry (nama_10_a64);current_prices;Million euro, current prices
2021;PT;Portugal;A;Agriculture, forestry and fishing;B1G;CP_MEUR;4680.7;;F012;D115;Eurostat — Gross value added and income by detailed industry (nama_10_a64);current_prices;Million euro, current prices
2021;PT;Portugal;A01;Crop and animal production, hunting and related service activities;B1G;CP_MEUR;3338.1;;F012;D115;Eurostat — Gross value added and income by detailed industry (nama_10_a64);current_prices;Million euro, current prices
2021;PT;Portugal;A02;Forestry and logging;B1G;CP_MEUR;920.8;;F012;D115;Eurostat — Gross value added and income by detailed industry (nama_10_a64);current_prices;Million euro, current prices
2021;PT;Portugal;A03;Fishing and aquaculture;B1G;CP_MEUR;421.8;;F012;D115;Eurostat — Gross value added and income by detailed industry (nama_10_a64);current_prices;Million euro, current prices
2021;PT;Portugal;B;Mining and quarrying;B1G;CP_MEUR;752.7;;F012;D115;Eurostat — Gross value added and income by detailed industry (nama_10_a64);current_prices;Million euro, current prices
2021;PT;Portugal;B-E;Industry (except construction);B1G;CP_MEUR;33115.4;;F012;D115;Eurostat — Gross value added and income by detailed industry (nama_10_a64);current_prices;Million euro, current prices
2021;PT;Portugal;C;Manufacturing;B1G;CP_MEUR;26938.2;;F012;D115;Eurostat — Gross value added and income by detailed industry (nama_10_a64);current_prices;Million euro, current prices
2021;PT;Portugal;C10-C12;"Manufacture of food products; beverages and tobacco products";B1G;CP_MEUR;4320.2;;F012;D115;Eurostat — Gross value added and income by detailed industry (nama_10_a64);current_prices;Million euro, current prices
2021;PT;Portugal;C13-C15;Manufacture of textiles, wearing apparel, leather and related products;B1G;CP_MEUR;4066.8;;F012;D115;Eurostat — Gross value added and income by detailed industry (nama_10_a64);current_prices;Million euro, current prices
2021;PT;Portugal;C16;"Manufacture of wood and of products of wood and cork, except furniture; manufacture of articles of straw and plaiting materials";B1G;CP_MEUR;1158.8;;F012;D115;Eurostat — Gross value added and income by detailed industry (nama_10_a64);current_prices;Million euro, current prices
2021;PT;Portugal;C16-C18;Manufacture of wood, paper, printing and reproduction;B1G;CP_MEUR;2667.6;;F012;D115;Eurostat — Gross value added and income by detailed industry (nama_10_a64);current_prices;Million euro, current prices
2021;PT;Portugal;C17;Manufacture of paper and paper products;B1G;CP_MEUR;1109.5;;F012;D115;Eurostat — Gross value added and income by detailed industry (nama_10_a64);current_prices;Million euro, current prices
2021;PT;Portugal;C18;Printing and reproduction of recorded media;B1G;CP_MEUR;399.2;;F012;D115;Eurostat — Gross value added and income by detailed industry (nama_10_a64);current_prices;Million euro, current prices
2021;PT;Portugal;C19;Manufacture of coke and refined petroleum products;B1G;CP_MEUR;162.9;;F012;D115;Eurostat — Gross value added and income by detailed industry (nama_10_a64);current_prices;Million euro, current prices
2021;PT;Portugal;C20;Manufacture of chemicals and chemical products;B1G;CP_MEUR;1200.9;;F012;D115;Eurostat — Gross value added and income by detailed industry (nama_10_a64);current_prices;Million euro, current prices
2021;PT;Portugal;C21;Manufacture of basic pharmaceutical products and pharmaceutical preparations;B1G;CP_MEUR;772.7;;F012;D115;Eurostat — Gross value added and income by detailed industry (nama_10_a64);current_prices;Million euro, current prices
2021;PT;Portugal;C22;Manufacture of rubber and plastic products;B1G;CP_MEUR;1526.6;;F012;D115;Eurostat — Gross value added and income by detailed industry (nama_10_a64);current_prices;Million euro, current prices
2021;PT;Portugal;C22_C23;Manufacture of rubber and plastic products and other non-metallic mineral products;B1G;CP_MEUR;3381.7;;F012;D115;Eurostat — Gross value added and income by detailed industry (nama_10_a64);current_prices;Million euro, current prices
2021;PT;Portugal;C23;Manufacture of other non-metallic mineral products;B1G;CP_MEUR;1855.1;;F012;D115;Eurostat — Gross value added and income by detailed industry (nama_10_a64);current_prices;Million euro, current prices
2021;PT;Portugal;C24;Manufacture of basic metals;B1G;CP_MEUR;754.7;;F012;D115;Eurostat — Gross value added and income by detailed industry (nama_10_a64);current_prices;Million euro, current prices
2021;PT;Portugal;C24_C25;Manufacture of basic metals and fabricated metal products, except machinery and equipment;B1G;CP_MEUR;3563.2;;F012;D115;Eurostat — Gross value added and income by detailed industry (nama_10_a64);current_prices;Million euro, current prices
2021;PT;Portugal;C25;Manufacture of fabricated metal products, except machinery and equipment;B1G;CP_MEUR;2808.6;;F012;D115;Eurostat — Gross value added and income by detailed industry (nama_10_a64);current_prices;Million euro, current prices
2021;PT;Portugal;C26;Manufacture of computer, electronic and optical products;B1G;CP_MEUR;497.2;;F012;D115;Eurostat — Gross value added and income by detailed industry (nama_10_a64);current_prices;Million euro, current prices
2021;PT;Portugal;C27;Manufacture of electrical equipment;B1G;CP_MEUR;744.2;;F012;D115;Eurostat — Gross value added and income by detailed industry (nama_10_a64);current_prices;Million euro, current prices
2021;PT;Portugal;C28;Manufacture of machinery and equipment n.e.c.;B1G;CP_MEUR;1008.8;;F012;D115;Eurostat — Gross value added and income by detailed industry (nama_10_a64);current_prices;Million euro, current prices
2021;PT;Portugal;C29;Manufacture of motor vehicles, trailers and semi-trailers;B1G;CP_MEUR;1820.2;;F012;D115;Eurostat — Gross value added and income by detailed industry (nama_10_a64);current_prices;Million euro, current prices
2021;PT;Portugal;C29_C30;Manufacture of motor vehicles, trailers, semi-trailers and of other transport equipment;B1G;CP_MEUR;2105.5;;F012;D115;Eurostat — Gross value added and income by detailed industry (nama_10_a64);current_prices;Million euro, current prices
2021;PT;Portugal;C30;Manufacture of other transport equipment;B1G;CP_MEUR;285.3;;F012;D115;Eurostat — Gross value added and income by detailed industry (nama_10_a64);current_prices;Million euro, current prices
2021;PT;Portugal;C31-C33;"Manufacture of furniture; jewellery, musical instruments, toys; repair and installation of machinery and equipment";B1G;CP_MEUR;2446.5;;F012;D115;Eurostat — Gross value added and income by detailed industry (nama_10_a64);current_prices;Million euro, current prices
2021;PT;Portugal;C31_C32;"Manufacture of furniture; other manufacturing";B1G;CP_MEUR;1431.5;;F012;D115;Eurostat — Gross value added and income by detailed industry (nama_10_a64);current_prices;Million euro, current prices
2021;PT;Portugal;C33;Repair and installation of machinery and equipment;B1G;CP_MEUR;1015.1;;F012;D115;Eurostat — Gross value added and income by detailed industry (nama_10_a64);current_prices;Million euro, current prices
2021;PT;Portugal;D;Electricity, gas, steam and air conditioning supply;B1G;CP_MEUR;3445.7;;F012;D115;Eurostat — Gross value added and income by detailed industry (nama_10_a64);current_prices;Million euro, current prices
2021;PT;Portugal;D35;Electricity, gas, steam and air conditioning supply;B1G;CP_MEUR;3445.7;;F012;D115;Eurostat — Gross value added and income by detailed industry (nama_10_a64);current_prices;Million euro, current prices
2021;PT;Portugal;E;"Water supply; sewerage, waste management and remediation activities";B1G;CP_MEUR;1978.9;;F012;D115;Eurostat — Gross value added and income by detailed industry (nama_10_a64);current_prices;Million euro, current prices
2021;PT;Portugal;E36;Water collection, treatment and supply;B1G;CP_MEUR;828.7;;F012;D115;Eurostat — Gross value added and income by detailed industry (nama_10_a64);current_prices;Million euro, current prices
2021;PT;Portugal;E37-E39;Sewerage, waste management, remediation activities;B1G;CP_MEUR;1150.1;;F012;D115;Eurostat — Gross value added and income by detailed industry (nama_10_a64);current_prices;Million euro, current prices
2021;PT;Portugal;F;Construction;B1G;CP_MEUR;8695.7;;F012;D115;Eurostat — Gross value added and income by detailed industry (nama_10_a64);current_prices;Million euro, current prices
2021;PT;Portugal;G;"Wholesale and retail trade; repair of motor vehicles and motorcycles";B1G;CP_MEUR;23942.5;;F012;D115;Eurostat — Gross value added and income by detailed industry (nama_10_a64);current_prices;Million euro, current prices
2021;PT;Portugal;G-I;Wholesale and retail trade, transport, accommodation and food service activities;B1G;CP_MEUR;39631.5;;F012;D115;Eurostat — Gross value added and income by detailed industry (nama_10_a64);current_prices;Million euro, current prices
2021;PT;Portugal;G45;Wholesale and retail trade and repair of motor vehicles and motorcycles;B1G;CP_MEUR;2432.9;;F012;D115;Eurostat — Gross value added and income by detailed industry (nama_10_a64);current_prices;Million euro, current prices
2021;PT;Portugal;G46;Wholesale trade, except of motor vehicles and motorcycles;B1G;CP_MEUR;11675.4;;F012;D115;Eurostat — Gross value added and income by detailed industry (nama_10_a64);current_prices;Million euro, current prices
2021;PT;Portugal;G47;Retail trade, except of motor vehicles and motorcycles;B1G;CP_MEUR;9834.1;;F012;D115;Eurostat — Gross value added and income by detailed industry (nama_10_a64);current_prices;Million euro, current prices
2021;PT;Portugal;H;Transportation and storage;B1G;CP_MEUR;7775.4;;F012;D115;Eurostat — Gross value added and income by detailed industry (nama_10_a64);current_prices;Million euro, current prices
2021;PT;Portugal;H49;Land transport and transport via pipelines;B1G;CP_MEUR;3673.3;;F012;D115;Eurostat — Gross value added and income by detailed industry (nama_10_a64);current_prices;Million euro, current prices
2021;PT;Portugal;H50;Water transport;B1G;CP_MEUR;173.6;;F012;D115;Eurostat — Gross value added and income by detailed industry (nama_10_a64);current_prices;Million euro, current prices
2021;PT;Portugal;H51;Air transport;B1G;CP_MEUR;184.7;;F012;D115;Eurostat — Gross value added and income by detailed industry (nama_10_a64);current_prices;Million euro, current prices
2021;PT;Portugal;H52;Warehousing and support activities for transportation;B1G;CP_MEUR;3232.0;;F012;D115;Eurostat — Gross value added and income by detailed industry (nama_10_a64);current_prices;Million euro, current prices
2021;PT;Portugal;H53;Postal and courier activities;B1G;CP_MEUR;511.8;;F012;D115;Eurostat — Gross value added and income by detailed industry (nama_10_a64);current_prices;Million euro, current prices
2021;PT;Portugal;I;Accommodation and food service activities;B1G;CP_MEUR;7913.7;;F012;D115;Eurostat — Gross value added and income by detailed industry (nama_10_a64);current_prices;Million euro, current prices
2021;PT;Portugal;J;Information and communication;B1G;CP_MEUR;8499.8;;F012;D115;Eurostat — Gross value added and income by detailed industry (nama_10_a64);current_prices;Million euro, current prices
2021;PT;Portugal;J58;Publishing activities;B1G;CP_MEUR;533.4;;F012;D115;Eurostat — Gross value added and income by detailed industry (nama_10_a64);current_prices;Million euro, current prices
2021;PT;Portugal;J58-J60;"Publishing, motion picture, video, television programme production; sound recording, programming and broadcasting activities";B1G;CP_MEUR;1225.8;;F012;D115;Eurostat — Gross value added and income by detailed industry (nama_10_a64);current_prices;Million euro, current prices
2021;PT;Portugal;J59_J60;"Motion picture, video, television programme production; programming and broadcasting activities";B1G;CP_MEUR;692.4;;F012;D115;Eurostat — Gross value added and income by detailed industry (nama_10_a64);current_prices;Million euro, current prices
2021;PT;Portugal;J61;Telecommunications;B1G;CP_MEUR;2508.0;;F012;D115;Eurostat — Gross value added and income by detailed industry (nama_10_a64);current_prices;Million euro, current prices
2021;PT;Portugal;J62_J63;Computer programming, consultancy, and information service activities;B1G;CP_MEUR;4766.0;;F012;D115;Eurostat — Gross value added and income by detailed industry (nama_10_a64);current_prices;Million euro, current prices
2021;PT;Portugal;K;Financial and insurance activities;B1G;CP_MEUR;9604.2;;F012;D115;Eurostat — Gross value added and income by detailed industry (nama_10_a64);current_prices;Million euro, current prices
2021;PT;Portugal;K64;Financial service activities, except insurance and pension funding;B1G;CP_MEUR;6895.9;;F012;D115;Eurostat — Gross value added and income by detailed industry (nama_10_a64);current_prices;Million euro, current prices
2021;PT;Portugal;K65;Insurance, reinsurance and pension funding, except compulsory social security;B1G;CP_MEUR;1826.5;;F012;D115;Eurostat — Gross value added and income by detailed industry (nama_10_a64);current_prices;Million euro, current prices
2021;PT;Portugal;K66;Activities auxiliary to financial services and insurance activities;B1G;CP_MEUR;881.8;;F012;D115;Eurostat — Gross value added and income by detailed industry (nama_10_a64);current_prices;Million euro, current prices
2021;PT;Portugal;L;Real estate activities;B1G;CP_MEUR;24399.8;;F012;D115;Eurostat — Gross value added and income by detailed industry (nama_10_a64);current_prices;Million euro, current prices
2021;PT;Portugal;L68;Real estate activities;B1G;CP_MEUR;24399.8;;F012;D115;Eurostat — Gross value added and income by detailed industry (nama_10_a64);current_prices;Million euro, current prices
2021;PT;Portugal;L68A;Imputed rents of owner-occupied dwellings;B1G;CP_MEUR;14040.1;;F012;D115;Eurostat — Gross value added and income by detailed industry (nama_10_a64);current_prices;Million euro, current prices
2021;PT;Portugal;M;Professional, scientific and technical activities;B1G;CP_MEUR;8888.9;;F012;D115;Eurostat — Gross value added and income by detailed industry (nama_10_a64);current_prices;Million euro, current prices
2021;PT;Portugal;M69-M71;"Legal and accounting activities; activities of head offices; management consultancy activities; architectural and engineering activities; technical testing and analysis";B1G;CP_MEUR;6551.5;;F012;D115;Eurostat — Gross value added and income by detailed industry (nama_10_a64);current_prices;Million euro, current prices
2021;PT;Portugal;M69_M70;"Legal and accounting activities; activities of head offices; management consultancy activities";B1G;CP_MEUR;4719.8;;F012;D115;Eurostat — Gross value added and income by detailed industry (nama_10_a64);current_prices;Million euro, current prices
2021;PT;Portugal;M71;"Architectural and engineering activities; technical testing and analysis";B1G;CP_MEUR;1831.7;;F012;D115;Eurostat — Gross value added and income by detailed industry (nama_10_a64);current_prices;Million euro, current prices
2021;PT;Portugal;M72;Scientific research and development;B1G;CP_MEUR;832.4;;F012;D115;Eurostat — Gross value added and income by detailed industry (nama_10_a64);current_prices;Million euro, current prices
2021;PT;Portugal;M73;Advertising and market research;B1G;CP_MEUR;561.5;;F012;D115;Eurostat — Gross value added and income by detailed industry (nama_10_a64);current_prices;Million euro, current prices
2021;PT;Portugal;M73-M75;"Advertising and market research; other professional, scientific and technical activities; veterinary activities";B1G;CP_MEUR;1505.0;;F012;D115;Eurostat — Gross value added and income by detailed industry (nama_10_a64);current_prices;Million euro, current prices
2021;PT;Portugal;M74_M75;"Other professional, scientific and technical activities; veterinary activities";B1G;CP_MEUR;943.5;;F012;D115;Eurostat — Gross value added and income by detailed industry (nama_10_a64);current_prices;Million euro, current prices
2021;PT;Portugal;M_N;"Professional, scientific and technical activities; administrative and support service activities";B1G;CP_MEUR;16535.8;;F012;D115;Eurostat — Gross value added and income by detailed industry (nama_10_a64);current_prices;Million euro, current prices
2021;PT;Portugal;N;Administrative and support service activities;B1G;CP_MEUR;7646.9;;F012;D115;Eurostat — Gross value added and income by detailed industry (nama_10_a64);current_prices;Million euro, current prices
2021;PT;Portugal;N77;Rental and leasing activities;B1G;CP_MEUR;1070.8;;F012;D115;Eurostat — Gross value added and income by detailed industry (nama_10_a64);current_prices;Million euro, current prices
2021;PT;Portugal;N78;Employment activities;B1G;CP_MEUR;1597.2;;F012;D115;Eurostat — Gross value added and income by detailed industry (nama_10_a64);current_prices;Million euro, current prices
2021;PT;Portugal;N79;Travel agency, tour operator and other reservation service and related activities;B1G;CP_MEUR;141.7;;F012;D115;Eurostat — Gross value added and income by detailed industry (nama_10_a64);current_prices;Million euro, current prices
2021;PT;Portugal;N80-N82;Security and investigation, service and landscape, office administrative and support activities;B1G;CP_MEUR;4837.2;;F012;D115;Eurostat — Gross value added and income by detailed industry (nama_10_a64);current_prices;Million euro, current prices
2021;PT;Portugal;O;"Public administration and defence; compulsory social security";B1G;CP_MEUR;13462.9;;F012;D115;Eurostat — Gross value added and income by detailed industry (nama_10_a64);current_prices;Million euro, current prices
2021;PT;Portugal;O-Q;Public administration, defence, education, human health and social work activities;B1G;CP_MEUR;37509.3;;F012;D115;Eurostat — Gross value added and income by detailed industry (nama_10_a64);current_prices;Million euro, current prices
2021;PT;Portugal;O84;"Public administration and defence; compulsory social security";B1G;CP_MEUR;13462.9;;F012;D115;Eurostat — Gross value added and income by detailed industry (nama_10_a64);current_prices;Million euro, current prices
2021;PT;Portugal;P;Education;B1G;CP_MEUR;10553.5;;F012;D115;Eurostat — Gross value added and income by detailed industry (nama_10_a64);current_prices;Million euro, current prices
2021;PT;Portugal;P85;Education;B1G;CP_MEUR;10553.5;;F012;D115;Eurostat — Gross value added and income by detailed industry (nama_10_a64);current_prices;Million euro, current prices
2021;PT;Portugal;Q;Human health and social work activities;B1G;CP_MEUR;13493.0;;F012;D115;Eurostat — Gross value added and income by detailed industry (nama_10_a64);current_prices;Million euro, current prices
2021;PT;Portugal;Q86;Human health activities;B1G;CP_MEUR;10324.0;;F012;D115;Eurostat — Gross value added and income by detailed industry (nama_10_a64);current_prices;Million euro, current prices
2021;PT;Portugal;Q87_Q88;Residential care activities and social work activities without accommodation;B1G;CP_MEUR;3169.0;;F012;D115;Eurostat — Gross value added and income by detailed industry (nama_10_a64);current_prices;Million euro, current prices
2021;PT;Portugal;R;Arts, entertainment and recreation;B1G;CP_MEUR;1467.1;;F012;D115;Eurostat — Gross value added and income by detailed industry (nama_10_a64);current_prices;Million euro, current prices
2021;PT;Portugal;R-U;"Arts, entertainment and recreation; other service activities; activities of household and extra-territorial organizations and bodies";B1G;CP_MEUR;4689.2;;F012;D115;Eurostat — Gross value added and income by detailed industry (nama_10_a64);current_prices;Million euro, current prices
2021;PT;Portugal;R90-R92;"Creative, arts and entertainment activities; libraries, archives, museums and other cultural activities; gambling and betting activities";B1G;CP_MEUR;799.3;;F012;D115;Eurostat — Gross value added and income by detailed industry (nama_10_a64);current_prices;Million euro, current prices
2021;PT;Portugal;R93;Sports activities and amusement and recreation activities;B1G;CP_MEUR;667.9;;F012;D115;Eurostat — Gross value added and income by detailed industry (nama_10_a64);current_prices;Million euro, current prices
2021;PT;Portugal;S;Other service activities;B1G;CP_MEUR;2188.8;;F012;D115;Eurostat — Gross value added and income by detailed industry (nama_10_a64);current_prices;Million euro, current prices
2021;PT;Portugal;S94;Activities of membership organisations;B1G;CP_MEUR;674.5;;F012;D115;Eurostat — Gross value added and income by detailed industry (nama_10_a64);current_prices;Million euro, current prices
2021;PT;Portugal;S95;Repair of computers and personal and household goods;B1G;CP_MEUR;240.7;;F012;D115;Eurostat — Gross value added and income by detailed industry (nama_10_a64);current_prices;Million euro, current prices
2021;PT;Portugal;S96;Other personal service activities;B1G;CP_MEUR;1273.5;;F012;D115;Eurostat — Gross value added and income by detailed industry (nama_10_a64);current_prices;Million euro, current prices
2021;PT;Portugal;T;"Activities of households as employers; undifferentiated goods- and services-producing activities of households for own use";B1G;CP_MEUR;1033.3;;F012;D115;Eurostat — Gross value added and income by detailed industry (nama_10_a64);current_prices;Million euro, current prices
2021;PT;Portugal;U;Activities of extraterritorial organisations and bodies;B1G;CP_MEUR;0.0;;F012;D115;Eurostat — Gross value added and income by detailed industry (nama_10_a64);current_prices;Million euro, current prices
2022;PT;Portugal;A;Agriculture, forestry and fishing;B1G;CP_MEUR;4648.4;;F012;D115;Eurostat — Gross value added and income by detailed industry (nama_10_a64);current_prices;Million euro, current prices
2022;PT;Portugal;A01;Crop and animal production, hunting and related service activities;B1G;CP_MEUR;3088.9;;F012;D115;Eurostat — Gross value added and income by detailed industry (nama_10_a64);current_prices;Million euro, current prices
2022;PT;Portugal;A02;Forestry and logging;B1G;CP_MEUR;1080.5;;F012;D115;Eurostat — Gross value added and income by detailed industry (nama_10_a64);current_prices;Million euro, current prices
2022;PT;Portugal;A03;Fishing and aquaculture;B1G;CP_MEUR;479.1;;F012;D115;Eurostat — Gross value added and income by detailed industry (nama_10_a64);current_prices;Million euro, current prices
2022;PT;Portugal;B;Mining and quarrying;B1G;CP_MEUR;678.8;;F012;D115;Eurostat — Gross value added and income by detailed industry (nama_10_a64);current_prices;Million euro, current prices
2022;PT;Portugal;B-E;Industry (except construction);B1G;CP_MEUR;34847.8;;F012;D115;Eurostat — Gross value added and income by detailed industry (nama_10_a64);current_prices;Million euro, current prices
2022;PT;Portugal;C;Manufacturing;B1G;CP_MEUR;30402.6;;F012;D115;Eurostat — Gross value added and income by detailed industry (nama_10_a64);current_prices;Million euro, current prices
2022;PT;Portugal;C10-C12;"Manufacture of food products; beverages and tobacco products";B1G;CP_MEUR;4647.9;;F012;D115;Eurostat — Gross value added and income by detailed industry (nama_10_a64);current_prices;Million euro, current prices
2022;PT;Portugal;C13-C15;Manufacture of textiles, wearing apparel, leather and related products;B1G;CP_MEUR;4360.4;;F012;D115;Eurostat — Gross value added and income by detailed industry (nama_10_a64);current_prices;Million euro, current prices
2022;PT;Portugal;C16;"Manufacture of wood and of products of wood and cork, except furniture; manufacture of articles of straw and plaiting materials";B1G;CP_MEUR;1381.4;;F012;D115;Eurostat — Gross value added and income by detailed industry (nama_10_a64);current_prices;Million euro, current prices
2022;PT;Portugal;C16-C18;Manufacture of wood, paper, printing and reproduction;B1G;CP_MEUR;3372.7;;F012;D115;Eurostat — Gross value added and income by detailed industry (nama_10_a64);current_prices;Million euro, current prices
2022;PT;Portugal;C17;Manufacture of paper and paper products;B1G;CP_MEUR;1537.3;;F012;D115;Eurostat — Gross value added and income by detailed industry (nama_10_a64);current_prices;Million euro, current prices
2022;PT;Portugal;C18;Printing and reproduction of recorded media;B1G;CP_MEUR;454.1;;F012;D115;Eurostat — Gross value added and income by detailed industry (nama_10_a64);current_prices;Million euro, current prices
2022;PT;Portugal;C19;Manufacture of coke and refined petroleum products;B1G;CP_MEUR;840.6;;F012;D115;Eurostat — Gross value added and income by detailed industry (nama_10_a64);current_prices;Million euro, current prices
2022;PT;Portugal;C20;Manufacture of chemicals and chemical products;B1G;CP_MEUR;1333.1;;F012;D115;Eurostat — Gross value added and income by detailed industry (nama_10_a64);current_prices;Million euro, current prices
2022;PT;Portugal;C21;Manufacture of basic pharmaceutical products and pharmaceutical preparations;B1G;CP_MEUR;833.8;;F012;D115;Eurostat — Gross value added and income by detailed industry (nama_10_a64);current_prices;Million euro, current prices
2022;PT;Portugal;C22;Manufacture of rubber and plastic products;B1G;CP_MEUR;1713.0;;F012;D115;Eurostat — Gross value added and income by detailed industry (nama_10_a64);current_prices;Million euro, current prices
2022;PT;Portugal;C22_C23;Manufacture of rubber and plastic products and other non-metallic mineral products;B1G;CP_MEUR;3715.1;;F012;D115;Eurostat — Gross value added and income by detailed industry (nama_10_a64);current_prices;Million euro, current prices
2022;PT;Portugal;C23;Manufacture of other non-metallic mineral products;B1G;CP_MEUR;2002.1;;F012;D115;Eurostat — Gross value added and income by detailed industry (nama_10_a64);current_prices;Million euro, current prices
2022;PT;Portugal;C24;Manufacture of basic metals;B1G;CP_MEUR;746.5;;F012;D115;Eurostat — Gross value added and income by detailed industry (nama_10_a64);current_prices;Million euro, current prices
2022;PT;Portugal;C24_C25;Manufacture of basic metals and fabricated metal products, except machinery and equipment;B1G;CP_MEUR;3960.2;;F012;D115;Eurostat — Gross value added and income by detailed industry (nama_10_a64);current_prices;Million euro, current prices
2022;PT;Portugal;C25;Manufacture of fabricated metal products, except machinery and equipment;B1G;CP_MEUR;3213.7;;F012;D115;Eurostat — Gross value added and income by detailed industry (nama_10_a64);current_prices;Million euro, current prices
2022;PT;Portugal;C26;Manufacture of computer, electronic and optical products;B1G;CP_MEUR;578.7;;F012;D115;Eurostat — Gross value added and income by detailed industry (nama_10_a64);current_prices;Million euro, current prices
2022;PT;Portugal;C27;Manufacture of electrical equipment;B1G;CP_MEUR;806.7;;F012;D115;Eurostat — Gross value added and income by detailed industry (nama_10_a64);current_prices;Million euro, current prices
2022;PT;Portugal;C28;Manufacture of machinery and equipment n.e.c.;B1G;CP_MEUR;1083.6;;F012;D115;Eurostat — Gross value added and income by detailed industry (nama_10_a64);current_prices;Million euro, current prices
2022;PT;Portugal;C29;Manufacture of motor vehicles, trailers and semi-trailers;B1G;CP_MEUR;1907.3;;F012;D115;Eurostat — Gross value added and income by detailed industry (nama_10_a64);current_prices;Million euro, current prices
2022;PT;Portugal;C29_C30;Manufacture of motor vehicles, trailers, semi-trailers and of other transport equipment;B1G;CP_MEUR;2265.4;;F012;D115;Eurostat — Gross value added and income by detailed industry (nama_10_a64);current_prices;Million euro, current prices
2022;PT;Portugal;C30;Manufacture of other transport equipment;B1G;CP_MEUR;358.1;;F012;D115;Eurostat — Gross value added and income by detailed industry (nama_10_a64);current_prices;Million euro, current prices
2022;PT;Portugal;C31-C33;"Manufacture of furniture; jewellery, musical instruments, toys; repair and installation of machinery and equipment";B1G;CP_MEUR;2604.4;;F012;D115;Eurostat — Gross value added and income by detailed industry (nama_10_a64);current_prices;Million euro, current prices
2022;PT;Portugal;C31_C32;"Manufacture of furniture; other manufacturing";B1G;CP_MEUR;1541.1;;F012;D115;Eurostat — Gross value added and income by detailed industry (nama_10_a64);current_prices;Million euro, current prices
2022;PT;Portugal;C33;Repair and installation of machinery and equipment;B1G;CP_MEUR;1063.3;;F012;D115;Eurostat — Gross value added and income by detailed industry (nama_10_a64);current_prices;Million euro, current prices
2022;PT;Portugal;D;Electricity, gas, steam and air conditioning supply;B1G;CP_MEUR;1767.1;;F012;D115;Eurostat — Gross value added and income by detailed industry (nama_10_a64);current_prices;Million euro, current prices
2022;PT;Portugal;D35;Electricity, gas, steam and air conditioning supply;B1G;CP_MEUR;1767.1;;F012;D115;Eurostat — Gross value added and income by detailed industry (nama_10_a64);current_prices;Million euro, current prices
2022;PT;Portugal;E;"Water supply; sewerage, waste management and remediation activities";B1G;CP_MEUR;1999.3;;F012;D115;Eurostat — Gross value added and income by detailed industry (nama_10_a64);current_prices;Million euro, current prices
2022;PT;Portugal;E36;Water collection, treatment and supply;B1G;CP_MEUR;869.6;;F012;D115;Eurostat — Gross value added and income by detailed industry (nama_10_a64);current_prices;Million euro, current prices
2022;PT;Portugal;E37-E39;Sewerage, waste management, remediation activities;B1G;CP_MEUR;1129.7;;F012;D115;Eurostat — Gross value added and income by detailed industry (nama_10_a64);current_prices;Million euro, current prices
2022;PT;Portugal;F;Construction;B1G;CP_MEUR;10048.2;;F012;D115;Eurostat — Gross value added and income by detailed industry (nama_10_a64);current_prices;Million euro, current prices
2022;PT;Portugal;G;"Wholesale and retail trade; repair of motor vehicles and motorcycles";B1G;CP_MEUR;26047.1;;F012;D115;Eurostat — Gross value added and income by detailed industry (nama_10_a64);current_prices;Million euro, current prices
2022;PT;Portugal;G-I;Wholesale and retail trade, transport, accommodation and food service activities;B1G;CP_MEUR;48774.7;;F012;D115;Eurostat — Gross value added and income by detailed industry (nama_10_a64);current_prices;Million euro, current prices
2022;PT;Portugal;G45;Wholesale and retail trade and repair of motor vehicles and motorcycles;B1G;CP_MEUR;2693.8;;F012;D115;Eurostat — Gross value added and income by detailed industry (nama_10_a64);current_prices;Million euro, current prices
2022;PT;Portugal;G46;Wholesale trade, except of motor vehicles and motorcycles;B1G;CP_MEUR;12605.7;;F012;D115;Eurostat — Gross value added and income by detailed industry (nama_10_a64);current_prices;Million euro, current prices
2022;PT;Portugal;G47;Retail trade, except of motor vehicles and motorcycles;B1G;CP_MEUR;10747.6;;F012;D115;Eurostat — Gross value added and income by detailed industry (nama_10_a64);current_prices;Million euro, current prices
2022;PT;Portugal;H;Transportation and storage;B1G;CP_MEUR;9767.7;;F012;D115;Eurostat — Gross value added and income by detailed industry (nama_10_a64);current_prices;Million euro, current prices
2022;PT;Portugal;H49;Land transport and transport via pipelines;B1G;CP_MEUR;4300.9;;F012;D115;Eurostat — Gross value added and income by detailed industry (nama_10_a64);current_prices;Million euro, current prices
2022;PT;Portugal;H50;Water transport;B1G;CP_MEUR;240.5;;F012;D115;Eurostat — Gross value added and income by detailed industry (nama_10_a64);current_prices;Million euro, current prices
2022;PT;Portugal;H51;Air transport;B1G;CP_MEUR;639.1;;F012;D115;Eurostat — Gross value added and income by detailed industry (nama_10_a64);current_prices;Million euro, current prices
2022;PT;Portugal;H52;Warehousing and support activities for transportation;B1G;CP_MEUR;4072.0;;F012;D115;Eurostat — Gross value added and income by detailed industry (nama_10_a64);current_prices;Million euro, current prices
2022;PT;Portugal;H53;Postal and courier activities;B1G;CP_MEUR;515.2;;F012;D115;Eurostat — Gross value added and income by detailed industry (nama_10_a64);current_prices;Million euro, current prices
2022;PT;Portugal;I;Accommodation and food service activities;B1G;CP_MEUR;12959.9;;F012;D115;Eurostat — Gross value added and income by detailed industry (nama_10_a64);current_prices;Million euro, current prices
2022;PT;Portugal;J;Information and communication;B1G;CP_MEUR;10019.8;;F012;D115;Eurostat — Gross value added and income by detailed industry (nama_10_a64);current_prices;Million euro, current prices
2022;PT;Portugal;J58;Publishing activities;B1G;CP_MEUR;578.1;;F012;D115;Eurostat — Gross value added and income by detailed industry (nama_10_a64);current_prices;Million euro, current prices
2022;PT;Portugal;J58-J60;"Publishing, motion picture, video, television programme production; sound recording, programming and broadcasting activities";B1G;CP_MEUR;1267.0;;F012;D115;Eurostat — Gross value added and income by detailed industry (nama_10_a64);current_prices;Million euro, current prices
2022;PT;Portugal;J59_J60;"Motion picture, video, television programme production; programming and broadcasting activities";B1G;CP_MEUR;688.9;;F012;D115;Eurostat — Gross value added and income by detailed industry (nama_10_a64);current_prices;Million euro, current prices
2022;PT;Portugal;J61;Telecommunications;B1G;CP_MEUR;2725.2;;F012;D115;Eurostat — Gross value added and income by detailed industry (nama_10_a64);current_prices;Million euro, current prices
2022;PT;Portugal;J62_J63;Computer programming, consultancy, and information service activities;B1G;CP_MEUR;6027.6;;F012;D115;Eurostat — Gross value added and income by detailed industry (nama_10_a64);current_prices;Million euro, current prices
2022;PT;Portugal;K;Financial and insurance activities;B1G;CP_MEUR;11430.9;;F012;D115;Eurostat — Gross value added and income by detailed industry (nama_10_a64);current_prices;Million euro, current prices
2022;PT;Portugal;K64;Financial service activities, except insurance and pension funding;B1G;CP_MEUR;8196.0;;F012;D115;Eurostat — Gross value added and income by detailed industry (nama_10_a64);current_prices;Million euro, current prices
2022;PT;Portugal;K65;Insurance, reinsurance and pension funding, except compulsory social security;B1G;CP_MEUR;2278.8;;F012;D115;Eurostat — Gross value added and income by detailed industry (nama_10_a64);current_prices;Million euro, current prices
2022;PT;Portugal;K66;Activities auxiliary to financial services and insurance activities;B1G;CP_MEUR;956.1;;F012;D115;Eurostat — Gross value added and income by detailed industry (nama_10_a64);current_prices;Million euro, current prices
2022;PT;Portugal;L;Real estate activities;B1G;CP_MEUR;25585.5;;F012;D115;Eurostat — Gross value added and income by detailed industry (nama_10_a64);current_prices;Million euro, current prices
2022;PT;Portugal;L68;Real estate activities;B1G;CP_MEUR;25585.5;;F012;D115;Eurostat — Gross value added and income by detailed industry (nama_10_a64);current_prices;Million euro, current prices
2022;PT;Portugal;L68A;Imputed rents of owner-occupied dwellings;B1G;CP_MEUR;14430.9;;F012;D115;Eurostat — Gross value added and income by detailed industry (nama_10_a64);current_prices;Million euro, current prices
2022;PT;Portugal;M;Professional, scientific and technical activities;B1G;CP_MEUR;10628.5;;F012;D115;Eurostat — Gross value added and income by detailed industry (nama_10_a64);current_prices;Million euro, current prices
2022;PT;Portugal;M69-M71;"Legal and accounting activities; activities of head offices; management consultancy activities; architectural and engineering activities; technical testing and analysis";B1G;CP_MEUR;7926.8;;F012;D115;Eurostat — Gross value added and income by detailed industry (nama_10_a64);current_prices;Million euro, current prices
2022;PT;Portugal;M69_M70;"Legal and accounting activities; activities of head offices; management consultancy activities";B1G;CP_MEUR;5758.9;;F012;D115;Eurostat — Gross value added and income by detailed industry (nama_10_a64);current_prices;Million euro, current prices
2022;PT;Portugal;M71;"Architectural and engineering activities; technical testing and analysis";B1G;CP_MEUR;2167.8;;F012;D115;Eurostat — Gross value added and income by detailed industry (nama_10_a64);current_prices;Million euro, current prices
2022;PT;Portugal;M72;Scientific research and development;B1G;CP_MEUR;890.1;;F012;D115;Eurostat — Gross value added and income by detailed industry (nama_10_a64);current_prices;Million euro, current prices
2022;PT;Portugal;M73;Advertising and market research;B1G;CP_MEUR;706.8;;F012;D115;Eurostat — Gross value added and income by detailed industry (nama_10_a64);current_prices;Million euro, current prices
2022;PT;Portugal;M73-M75;"Advertising and market research; other professional, scientific and technical activities; veterinary activities";B1G;CP_MEUR;1811.6;;F012;D115;Eurostat — Gross value added and income by detailed industry (nama_10_a64);current_prices;Million euro, current prices
2022;PT;Portugal;M74_M75;"Other professional, scientific and technical activities; veterinary activities";B1G;CP_MEUR;1104.8;;F012;D115;Eurostat — Gross value added and income by detailed industry (nama_10_a64);current_prices;Million euro, current prices
2022;PT;Portugal;M_N;"Professional, scientific and technical activities; administrative and support service activities";B1G;CP_MEUR;20097.7;;F012;D115;Eurostat — Gross value added and income by detailed industry (nama_10_a64);current_prices;Million euro, current prices
2022;PT;Portugal;N;Administrative and support service activities;B1G;CP_MEUR;9469.2;;F012;D115;Eurostat — Gross value added and income by detailed industry (nama_10_a64);current_prices;Million euro, current prices
2022;PT;Portugal;N77;Rental and leasing activities;B1G;CP_MEUR;1523.0;;F012;D115;Eurostat — Gross value added and income by detailed industry (nama_10_a64);current_prices;Million euro, current prices
2022;PT;Portugal;N78;Employment activities;B1G;CP_MEUR;1931.5;;F012;D115;Eurostat — Gross value added and income by detailed industry (nama_10_a64);current_prices;Million euro, current prices
2022;PT;Portugal;N79;Travel agency, tour operator and other reservation service and related activities;B1G;CP_MEUR;395.9;;F012;D115;Eurostat — Gross value added and income by detailed industry (nama_10_a64);current_prices;Million euro, current prices
2022;PT;Portugal;N80-N82;Security and investigation, service and landscape, office administrative and support activities;B1G;CP_MEUR;5618.7;;F012;D115;Eurostat — Gross value added and income by detailed industry (nama_10_a64);current_prices;Million euro, current prices
2022;PT;Portugal;O;"Public administration and defence; compulsory social security";B1G;CP_MEUR;14102.6;;F012;D115;Eurostat — Gross value added and income by detailed industry (nama_10_a64);current_prices;Million euro, current prices
2022;PT;Portugal;O-Q;Public administration, defence, education, human health and social work activities;B1G;CP_MEUR;39696.3;;F012;D115;Eurostat — Gross value added and income by detailed industry (nama_10_a64);current_prices;Million euro, current prices
2022;PT;Portugal;O84;"Public administration and defence; compulsory social security";B1G;CP_MEUR;14102.6;;F012;D115;Eurostat — Gross value added and income by detailed industry (nama_10_a64);current_prices;Million euro, current prices
2022;PT;Portugal;P;Education;B1G;CP_MEUR;11195.4;;F012;D115;Eurostat — Gross value added and income by detailed industry (nama_10_a64);current_prices;Million euro, current prices
2022;PT;Portugal;P85;Education;B1G;CP_MEUR;11195.4;;F012;D115;Eurostat — Gross value added and income by detailed industry (nama_10_a64);current_prices;Million euro, current prices
2022;PT;Portugal;Q;Human health and social work activities;B1G;CP_MEUR;14398.2;;F012;D115;Eurostat — Gross value added and income by detailed industry (nama_10_a64);current_prices;Million euro, current prices
2022;PT;Portugal;Q86;Human health activities;B1G;CP_MEUR;10929.2;;F012;D115;Eurostat — Gross value added and income by detailed industry (nama_10_a64);current_prices;Million euro, current prices
2022;PT;Portugal;Q87_Q88;Residential care activities and social work activities without accommodation;B1G;CP_MEUR;3469.0;;F012;D115;Eurostat — Gross value added and income by detailed industry (nama_10_a64);current_prices;Million euro, current prices
2022;PT;Portugal;R;Arts, entertainment and recreation;B1G;CP_MEUR;2147.8;;F012;D115;Eurostat — Gross value added and income by detailed industry (nama_10_a64);current_prices;Million euro, current prices
2022;PT;Portugal;R-U;"Arts, entertainment and recreation; other service activities; activities of household and extra-territorial organizations and bodies";B1G;CP_MEUR;5878.7;;F012;D115;Eurostat — Gross value added and income by detailed industry (nama_10_a64);current_prices;Million euro, current prices
2022;PT;Portugal;R90-R92;"Creative, arts and entertainment activities; libraries, archives, museums and other cultural activities; gambling and betting activities";B1G;CP_MEUR;1157.7;;F012;D115;Eurostat — Gross value added and income by detailed industry (nama_10_a64);current_prices;Million euro, current prices
2022;PT;Portugal;R93;Sports activities and amusement and recreation activities;B1G;CP_MEUR;990.2;;F012;D115;Eurostat — Gross value added and income by detailed industry (nama_10_a64);current_prices;Million euro, current prices
2022;PT;Portugal;S;Other service activities;B1G;CP_MEUR;2520.3;;F012;D115;Eurostat — Gross value added and income by detailed industry (nama_10_a64);current_prices;Million euro, current prices
2022;PT;Portugal;S94;Activities of membership organisations;B1G;CP_MEUR;753.9;;F012;D115;Eurostat — Gross value added and income by detailed industry (nama_10_a64);current_prices;Million euro, current prices
2022;PT;Portugal;S95;Repair of computers and personal and household goods;B1G;CP_MEUR;260.5;;F012;D115;Eurostat — Gross value added and income by detailed industry (nama_10_a64);current_prices;Million euro, current prices
2022;PT;Portugal;S96;Other personal service activities;B1G;CP_MEUR;1505.9;;F012;D115;Eurostat — Gross value added and income by detailed industry (nama_10_a64);current_prices;Million euro, current prices
2022;PT;Portugal;T;"Activities of households as employers; undifferentiated goods- and services-producing activities of households for own use";B1G;CP_MEUR;1210.6;;F012;D115;Eurostat — Gross value added and income by detailed industry (nama_10_a64);current_prices;Million euro, current prices
2022;PT;Portugal;U;Activities of extraterritorial organisations and bodies;B1G;CP_MEUR;0.0;;F012;D115;Eurostat — Gross value added and income by detailed industry (nama_10_a64);current_prices;Million euro, current prices
2023;PT;Portugal;A;Agriculture, forestry and fishing;B1G;CP_MEUR;5778.0;;F012;D115;Eurostat — Gross value added and income by detailed industry (nama_10_a64);current_prices;Million euro, current prices
2023;PT;Portugal;A01;Crop and animal production, hunting and related service activities;B1G;CP_MEUR;4206.4;;F012;D115;Eurostat — Gross value added and income by detailed industry (nama_10_a64);current_prices;Million euro, current prices
2023;PT;Portugal;A02;Forestry and logging;B1G;CP_MEUR;1142.3;;F012;D115;Eurostat — Gross value added and income by detailed industry (nama_10_a64);current_prices;Million euro, current prices
2023;PT;Portugal;A03;Fishing and aquaculture;B1G;CP_MEUR;429.3;;F012;D115;Eurostat — Gross value added and income by detailed industry (nama_10_a64);current_prices;Million euro, current prices
2023;PT;Portugal;B;Mining and quarrying;B1G;CP_MEUR;719.2;;F012;D115;Eurostat — Gross value added and income by detailed industry (nama_10_a64);current_prices;Million euro, current prices
2023;PT;Portugal;B-E;Industry (except construction);B1G;CP_MEUR;39040.5;;F012;D115;Eurostat — Gross value added and income by detailed industry (nama_10_a64);current_prices;Million euro, current prices
2023;PT;Portugal;C;Manufacturing;B1G;CP_MEUR;32661.2;;F012;D115;Eurostat — Gross value added and income by detailed industry (nama_10_a64);current_prices;Million euro, current prices
2023;PT;Portugal;C10-C12;"Manufacture of food products; beverages and tobacco products";B1G;CP_MEUR;5505.3;;F012;D115;Eurostat — Gross value added and income by detailed industry (nama_10_a64);current_prices;Million euro, current prices
2023;PT;Portugal;C13-C15;Manufacture of textiles, wearing apparel, leather and related products;B1G;CP_MEUR;4423.0;;F012;D115;Eurostat — Gross value added and income by detailed industry (nama_10_a64);current_prices;Million euro, current prices
2023;PT;Portugal;C16;"Manufacture of wood and of products of wood and cork, except furniture; manufacture of articles of straw and plaiting materials";B1G;CP_MEUR;1466.3;;F012;D115;Eurostat — Gross value added and income by detailed industry (nama_10_a64);current_prices;Million euro, current prices
2023;PT;Portugal;C16-C18;Manufacture of wood, paper, printing and reproduction;B1G;CP_MEUR;3161.0;;F012;D115;Eurostat — Gross value added and income by detailed industry (nama_10_a64);current_prices;Million euro, current prices
2023;PT;Portugal;C17;Manufacture of paper and paper products;B1G;CP_MEUR;1226.5;;F012;D115;Eurostat — Gross value added and income by detailed industry (nama_10_a64);current_prices;Million euro, current prices
2023;PT;Portugal;C18;Printing and reproduction of recorded media;B1G;CP_MEUR;468.1;;F012;D115;Eurostat — Gross value added and income by detailed industry (nama_10_a64);current_prices;Million euro, current prices
2023;PT;Portugal;C19;Manufacture of coke and refined petroleum products;B1G;CP_MEUR;746.4;;F012;D115;Eurostat — Gross value added and income by detailed industry (nama_10_a64);current_prices;Million euro, current prices
2023;PT;Portugal;C20;Manufacture of chemicals and chemical products;B1G;CP_MEUR;1189.6;;F012;D115;Eurostat — Gross value added and income by detailed industry (nama_10_a64);current_prices;Million euro, current prices
2023;PT;Portugal;C21;Manufacture of basic pharmaceutical products and pharmaceutical preparations;B1G;CP_MEUR;990.3;;F012;D115;Eurostat — Gross value added and income by detailed industry (nama_10_a64);current_prices;Million euro, current prices
2023;PT;Portugal;C22;Manufacture of rubber and plastic products;B1G;CP_MEUR;1797.1;;F012;D115;Eurostat — Gross value added and income by detailed industry (nama_10_a64);current_prices;Million euro, current prices
2023;PT;Portugal;C22_C23;Manufacture of rubber and plastic products and other non-metallic mineral products;B1G;CP_MEUR;4169.5;;F012;D115;Eurostat — Gross value added and income by detailed industry (nama_10_a64);current_prices;Million euro, current prices
2023;PT;Portugal;C23;Manufacture of other non-metallic mineral products;B1G;CP_MEUR;2372.5;;F012;D115;Eurostat — Gross value added and income by detailed industry (nama_10_a64);current_prices;Million euro, current prices
2023;PT;Portugal;C24;Manufacture of basic metals;B1G;CP_MEUR;528.0;;F012;D115;Eurostat — Gross value added and income by detailed industry (nama_10_a64);current_prices;Million euro, current prices
2023;PT;Portugal;C24_C25;Manufacture of basic metals and fabricated metal products, except machinery and equipment;B1G;CP_MEUR;4108.1;;F012;D115;Eurostat — Gross value added and income by detailed industry (nama_10_a64);current_prices;Million euro, current prices
2023;PT;Portugal;C25;Manufacture of fabricated metal products, except machinery and equipment;B1G;CP_MEUR;3580.1;;F012;D115;Eurostat — Gross value added and income by detailed industry (nama_10_a64);current_prices;Million euro, current prices
2023;PT;Portugal;C26;Manufacture of computer, electronic and optical products;B1G;CP_MEUR;626.7;;F012;D115;Eurostat — Gross value added and income by detailed industry (nama_10_a64);current_prices;Million euro, current prices
2023;PT;Portugal;C27;Manufacture of electrical equipment;B1G;CP_MEUR;966.4;;F012;D115;Eurostat — Gross value added and income by detailed industry (nama_10_a64);current_prices;Million euro, current prices
2023;PT;Portugal;C28;Manufacture of machinery and equipment n.e.c.;B1G;CP_MEUR;1251.4;;F012;D115;Eurostat — Gross value added and income by detailed industry (nama_10_a64);current_prices;Million euro, current prices
2023;PT;Portugal;C29;Manufacture of motor vehicles, trailers and semi-trailers;B1G;CP_MEUR;2150.8;;F012;D115;Eurostat — Gross value added and income by detailed industry (nama_10_a64);current_prices;Million euro, current prices
2023;PT;Portugal;C29_C30;Manufacture of motor vehicles, trailers, semi-trailers and of other transport equipment;B1G;CP_MEUR;2477.1;;F012;D115;Eurostat — Gross value added and income by detailed industry (nama_10_a64);current_prices;Million euro, current prices
2023;PT;Portugal;C30;Manufacture of other transport equipment;B1G;CP_MEUR;326.3;;F012;D115;Eurostat — Gross value added and income by detailed industry (nama_10_a64);current_prices;Million euro, current prices
2023;PT;Portugal;C31-C33;"Manufacture of furniture; jewellery, musical instruments, toys; repair and installation of machinery and equipment";B1G;CP_MEUR;3046.5;;F012;D115;Eurostat — Gross value added and income by detailed industry (nama_10_a64);current_prices;Million euro, current prices
2023;PT;Portugal;C31_C32;"Manufacture of furniture; other manufacturing";B1G;CP_MEUR;1788.8;;F012;D115;Eurostat — Gross value added and income by detailed industry (nama_10_a64);current_prices;Million euro, current prices
2023;PT;Portugal;C33;Repair and installation of machinery and equipment;B1G;CP_MEUR;1257.8;;F012;D115;Eurostat — Gross value added and income by detailed industry (nama_10_a64);current_prices;Million euro, current prices
2023;PT;Portugal;D;Electricity, gas, steam and air conditioning supply;B1G;CP_MEUR;3604.2;;F012;D115;Eurostat — Gross value added and income by detailed industry (nama_10_a64);current_prices;Million euro, current prices
2023;PT;Portugal;D35;Electricity, gas, steam and air conditioning supply;B1G;CP_MEUR;3604.2;;F012;D115;Eurostat — Gross value added and income by detailed industry (nama_10_a64);current_prices;Million euro, current prices
2023;PT;Portugal;E;"Water supply; sewerage, waste management and remediation activities";B1G;CP_MEUR;2055.8;;F012;D115;Eurostat — Gross value added and income by detailed industry (nama_10_a64);current_prices;Million euro, current prices
2023;PT;Portugal;E36;Water collection, treatment and supply;B1G;CP_MEUR;906.4;;F012;D115;Eurostat — Gross value added and income by detailed industry (nama_10_a64);current_prices;Million euro, current prices
2023;PT;Portugal;E37-E39;Sewerage, waste management, remediation activities;B1G;CP_MEUR;1149.5;;F012;D115;Eurostat — Gross value added and income by detailed industry (nama_10_a64);current_prices;Million euro, current prices
2023;PT;Portugal;F;Construction;B1G;CP_MEUR;11547.6;;F012;D115;Eurostat — Gross value added and income by detailed industry (nama_10_a64);current_prices;Million euro, current prices
2023;PT;Portugal;G;"Wholesale and retail trade; repair of motor vehicles and motorcycles";B1G;CP_MEUR;28298.9;;F012;D115;Eurostat — Gross value added and income by detailed industry (nama_10_a64);current_prices;Million euro, current prices
2023;PT;Portugal;G-I;Wholesale and retail trade, transport, accommodation and food service activities;B1G;CP_MEUR;54805.9;;F012;D115;Eurostat — Gross value added and income by detailed industry (nama_10_a64);current_prices;Million euro, current prices
2023;PT;Portugal;G45;Wholesale and retail trade and repair of motor vehicles and motorcycles;B1G;CP_MEUR;3444.0;;F012;D115;Eurostat — Gross value added and income by detailed industry (nama_10_a64);current_prices;Million euro, current prices
2023;PT;Portugal;G46;Wholesale trade, except of motor vehicles and motorcycles;B1G;CP_MEUR;12970.5;;F012;D115;Eurostat — Gross value added and income by detailed industry (nama_10_a64);current_prices;Million euro, current prices
2023;PT;Portugal;G47;Retail trade, except of motor vehicles and motorcycles;B1G;CP_MEUR;11884.4;;F012;D115;Eurostat — Gross value added and income by detailed industry (nama_10_a64);current_prices;Million euro, current prices
2023;PT;Portugal;H;Transportation and storage;B1G;CP_MEUR;11645.7;;F012;D115;Eurostat — Gross value added and income by detailed industry (nama_10_a64);current_prices;Million euro, current prices
2023;PT;Portugal;H49;Land transport and transport via pipelines;B1G;CP_MEUR;5014.3;;F012;D115;Eurostat — Gross value added and income by detailed industry (nama_10_a64);current_prices;Million euro, current prices
2023;PT;Portugal;H50;Water transport;B1G;CP_MEUR;235.1;;F012;D115;Eurostat — Gross value added and income by detailed industry (nama_10_a64);current_prices;Million euro, current prices
2023;PT;Portugal;H51;Air transport;B1G;CP_MEUR;1304.7;;F012;D115;Eurostat — Gross value added and income by detailed industry (nama_10_a64);current_prices;Million euro, current prices
2023;PT;Portugal;H52;Warehousing and support activities for transportation;B1G;CP_MEUR;4547.7;;F012;D115;Eurostat — Gross value added and income by detailed industry (nama_10_a64);current_prices;Million euro, current prices
2023;PT;Portugal;H53;Postal and courier activities;B1G;CP_MEUR;543.9;;F012;D115;Eurostat — Gross value added and income by detailed industry (nama_10_a64);current_prices;Million euro, current prices
2023;PT;Portugal;I;Accommodation and food service activities;B1G;CP_MEUR;14861.4;;F012;D115;Eurostat — Gross value added and income by detailed industry (nama_10_a64);current_prices;Million euro, current prices
2023;PT;Portugal;J;Information and communication;B1G;CP_MEUR;11230.9;;F012;D115;Eurostat — Gross value added and income by detailed industry (nama_10_a64);current_prices;Million euro, current prices
2023;PT;Portugal;J58;Publishing activities;B1G;CP_MEUR;708.0;;F012;D115;Eurostat — Gross value added and income by detailed industry (nama_10_a64);current_prices;Million euro, current prices
2023;PT;Portugal;J58-J60;"Publishing, motion picture, video, television programme production; sound recording, programming and broadcasting activities";B1G;CP_MEUR;1357.5;;F012;D115;Eurostat — Gross value added and income by detailed industry (nama_10_a64);current_prices;Million euro, current prices
2023;PT;Portugal;J59_J60;"Motion picture, video, television programme production; programming and broadcasting activities";B1G;CP_MEUR;649.5;;F012;D115;Eurostat — Gross value added and income by detailed industry (nama_10_a64);current_prices;Million euro, current prices
2023;PT;Portugal;J61;Telecommunications;B1G;CP_MEUR;2937.0;;F012;D115;Eurostat — Gross value added and income by detailed industry (nama_10_a64);current_prices;Million euro, current prices
2023;PT;Portugal;J62_J63;Computer programming, consultancy, and information service activities;B1G;CP_MEUR;6936.4;;F012;D115;Eurostat — Gross value added and income by detailed industry (nama_10_a64);current_prices;Million euro, current prices
2023;PT;Portugal;K;Financial and insurance activities;B1G;CP_MEUR;16582.6;;F012;D115;Eurostat — Gross value added and income by detailed industry (nama_10_a64);current_prices;Million euro, current prices
2023;PT;Portugal;K64;Financial service activities, except insurance and pension funding;B1G;CP_MEUR;13010.2;;F012;D115;Eurostat — Gross value added and income by detailed industry (nama_10_a64);current_prices;Million euro, current prices
2023;PT;Portugal;K65;Insurance, reinsurance and pension funding, except compulsory social security;B1G;CP_MEUR;2474.6;;F012;D115;Eurostat — Gross value added and income by detailed industry (nama_10_a64);current_prices;Million euro, current prices
2023;PT;Portugal;K66;Activities auxiliary to financial services and insurance activities;B1G;CP_MEUR;1097.9;;F012;D115;Eurostat — Gross value added and income by detailed industry (nama_10_a64);current_prices;Million euro, current prices
2023;PT;Portugal;L;Real estate activities;B1G;CP_MEUR;24767.1;;F012;D115;Eurostat — Gross value added and income by detailed industry (nama_10_a64);current_prices;Million euro, current prices
2023;PT;Portugal;L68;Real estate activities;B1G;CP_MEUR;24767.1;;F012;D115;Eurostat — Gross value added and income by detailed industry (nama_10_a64);current_prices;Million euro, current prices
2023;PT;Portugal;L68A;Imputed rents of owner-occupied dwellings;B1G;CP_MEUR;13363.9;;F012;D115;Eurostat — Gross value added and income by detailed industry (nama_10_a64);current_prices;Million euro, current prices
2023;PT;Portugal;M;Professional, scientific and technical activities;B1G;CP_MEUR;12067.4;;F012;D115;Eurostat — Gross value added and income by detailed industry (nama_10_a64);current_prices;Million euro, current prices
2023;PT;Portugal;M69-M71;"Legal and accounting activities; activities of head offices; management consultancy activities; architectural and engineering activities; technical testing and analysis";B1G;CP_MEUR;9019.9;;F012;D115;Eurostat — Gross value added and income by detailed industry (nama_10_a64);current_prices;Million euro, current prices
2023;PT;Portugal;M69_M70;"Legal and accounting activities; activities of head offices; management consultancy activities";B1G;CP_MEUR;6415.3;;F012;D115;Eurostat — Gross value added and income by detailed industry (nama_10_a64);current_prices;Million euro, current prices
2023;PT;Portugal;M71;"Architectural and engineering activities; technical testing and analysis";B1G;CP_MEUR;2604.6;;F012;D115;Eurostat — Gross value added and income by detailed industry (nama_10_a64);current_prices;Million euro, current prices
2023;PT;Portugal;M72;Scientific research and development;B1G;CP_MEUR;1003.0;;F012;D115;Eurostat — Gross value added and income by detailed industry (nama_10_a64);current_prices;Million euro, current prices
2023;PT;Portugal;M73;Advertising and market research;B1G;CP_MEUR;777.4;;F012;D115;Eurostat — Gross value added and income by detailed industry (nama_10_a64);current_prices;Million euro, current prices
2023;PT;Portugal;M73-M75;"Advertising and market research; other professional, scientific and technical activities; veterinary activities";B1G;CP_MEUR;2044.5;;F012;D115;Eurostat — Gross value added and income by detailed industry (nama_10_a64);current_prices;Million euro, current prices
2023;PT;Portugal;M74_M75;"Other professional, scientific and technical activities; veterinary activities";B1G;CP_MEUR;1267.1;;F012;D115;Eurostat — Gross value added and income by detailed industry (nama_10_a64);current_prices;Million euro, current prices
2023;PT;Portugal;M_N;"Professional, scientific and technical activities; administrative and support service activities";B1G;CP_MEUR;22518.3;;F012;D115;Eurostat — Gross value added and income by detailed industry (nama_10_a64);current_prices;Million euro, current prices
2023;PT;Portugal;N;Administrative and support service activities;B1G;CP_MEUR;10450.9;;F012;D115;Eurostat — Gross value added and income by detailed industry (nama_10_a64);current_prices;Million euro, current prices
2023;PT;Portugal;N77;Rental and leasing activities;B1G;CP_MEUR;1656.7;;F012;D115;Eurostat — Gross value added and income by detailed industry (nama_10_a64);current_prices;Million euro, current prices
2023;PT;Portugal;N78;Employment activities;B1G;CP_MEUR;2116.6;;F012;D115;Eurostat — Gross value added and income by detailed industry (nama_10_a64);current_prices;Million euro, current prices
2023;PT;Portugal;N79;Travel agency, tour operator and other reservation service and related activities;B1G;CP_MEUR;500.8;;F012;D115;Eurostat — Gross value added and income by detailed industry (nama_10_a64);current_prices;Million euro, current prices
2023;PT;Portugal;N80-N82;Security and investigation, service and landscape, office administrative and support activities;B1G;CP_MEUR;6176.8;;F012;D115;Eurostat — Gross value added and income by detailed industry (nama_10_a64);current_prices;Million euro, current prices
2023;PT;Portugal;O;"Public administration and defence; compulsory social security";B1G;CP_MEUR;15126.4;;F012;D115;Eurostat — Gross value added and income by detailed industry (nama_10_a64);current_prices;Million euro, current prices
2023;PT;Portugal;O-Q;Public administration, defence, education, human health and social work activities;B1G;CP_MEUR;42603.8;;F012;D115;Eurostat — Gross value added and income by detailed industry (nama_10_a64);current_prices;Million euro, current prices
2023;PT;Portugal;O84;"Public administration and defence; compulsory social security";B1G;CP_MEUR;15126.4;;F012;D115;Eurostat — Gross value added and income by detailed industry (nama_10_a64);current_prices;Million euro, current prices
2023;PT;Portugal;P;Education;B1G;CP_MEUR;11896.6;;F012;D115;Eurostat — Gross value added and income by detailed industry (nama_10_a64);current_prices;Million euro, current prices
2023;PT;Portugal;P85;Education;B1G;CP_MEUR;11896.6;;F012;D115;Eurostat — Gross value added and income by detailed industry (nama_10_a64);current_prices;Million euro, current prices
2023;PT;Portugal;Q;Human health and social work activities;B1G;CP_MEUR;15580.8;;F012;D115;Eurostat — Gross value added and income by detailed industry (nama_10_a64);current_prices;Million euro, current prices
2023;PT;Portugal;Q86;Human health activities;B1G;CP_MEUR;11776.8;;F012;D115;Eurostat — Gross value added and income by detailed industry (nama_10_a64);current_prices;Million euro, current prices
2023;PT;Portugal;Q87_Q88;Residential care activities and social work activities without accommodation;B1G;CP_MEUR;3804.0;;F012;D115;Eurostat — Gross value added and income by detailed industry (nama_10_a64);current_prices;Million euro, current prices
2023;PT;Portugal;R;Arts, entertainment and recreation;B1G;CP_MEUR;2508.2;;F012;D115;Eurostat — Gross value added and income by detailed industry (nama_10_a64);current_prices;Million euro, current prices
2023;PT;Portugal;R-U;"Arts, entertainment and recreation; other service activities; activities of household and extra-territorial organizations and bodies";B1G;CP_MEUR;6714.4;;F012;D115;Eurostat — Gross value added and income by detailed industry (nama_10_a64);current_prices;Million euro, current prices
2023;PT;Portugal;R90-R92;"Creative, arts and entertainment activities; libraries, archives, museums and other cultural activities; gambling and betting activities";B1G;CP_MEUR;1343.7;;F012;D115;Eurostat — Gross value added and income by detailed industry (nama_10_a64);current_prices;Million euro, current prices
2023;PT;Portugal;R93;Sports activities and amusement and recreation activities;B1G;CP_MEUR;1164.5;;F012;D115;Eurostat — Gross value added and income by detailed industry (nama_10_a64);current_prices;Million euro, current prices
2023;PT;Portugal;S;Other service activities;B1G;CP_MEUR;2853.1;;F012;D115;Eurostat — Gross value added and income by detailed industry (nama_10_a64);current_prices;Million euro, current prices
2023;PT;Portugal;S94;Activities of membership organisations;B1G;CP_MEUR;843.9;;F012;D115;Eurostat — Gross value added and income by detailed industry (nama_10_a64);current_prices;Million euro, current prices
2023;PT;Portugal;S95;Repair of computers and personal and household goods;B1G;CP_MEUR;303.3;;F012;D115;Eurostat — Gross value added and income by detailed industry (nama_10_a64);current_prices;Million euro, current prices
2023;PT;Portugal;S96;Other personal service activities;B1G;CP_MEUR;1705.9;;F012;D115;Eurostat — Gross value added and income by detailed industry (nama_10_a64);current_prices;Million euro, current prices
2023;PT;Portugal;T;"Activities of households as employers; undifferentiated goods- and services-producing activities of households for own use";B1G;CP_MEUR;1353.1;;F012;D115;Eurostat — Gross value added and income by detailed industry (nama_10_a64);current_prices;Million euro, current prices
2023;PT;Portugal;U;Activities of extraterritorial organisations and bodies;B1G;CP_MEUR;0.0;;F012;D115;Eurostat — Gross value added and income by detailed industry (nama_10_a64);current_prices;Million euro, current prices
2024;PT;Portugal;A;Agriculture, forestry and fishing;B1G;CP_MEUR;5851.3;provisional;F012;D115;Eurostat — Gross value added and income by detailed industry (nama_10_a64);current_prices;Million euro, current prices
2024;PT;Portugal;B;Mining and quarrying;B1G;CP_MEUR;815.6;provisional;F012;D115;Eurostat — Gross value added and income by detailed industry (nama_10_a64);current_prices;Million euro, current prices
2024;PT;Portugal;B-E;Industry (except construction);B1G;CP_MEUR;41382.2;provisional;F012;D115;Eurostat — Gross value added and income by detailed industry (nama_10_a64);current_prices;Million euro, current prices
2024;PT;Portugal;C;Manufacturing;B1G;CP_MEUR;34043.5;provisional;F012;D115;Eurostat — Gross value added and income by detailed industry (nama_10_a64);current_prices;Million euro, current prices
2024;PT;Portugal;D;Electricity, gas, steam and air conditioning supply;B1G;CP_MEUR;4197.3;provisional;F012;D115;Eurostat — Gross value added and income by detailed industry (nama_10_a64);current_prices;Million euro, current prices
2024;PT;Portugal;D35;Electricity, gas, steam and air conditioning supply;B1G;CP_MEUR;4197.3;provisional;F012;D115;Eurostat — Gross value added and income by detailed industry (nama_10_a64);current_prices;Million euro, current prices
2024;PT;Portugal;E;"Water supply; sewerage, waste management and remediation activities";B1G;CP_MEUR;2325.8;provisional;F012;D115;Eurostat — Gross value added and income by detailed industry (nama_10_a64);current_prices;Million euro, current prices
2024;PT;Portugal;F;Construction;B1G;CP_MEUR;12779.3;provisional;F012;D115;Eurostat — Gross value added and income by detailed industry (nama_10_a64);current_prices;Million euro, current prices
2024;PT;Portugal;G;"Wholesale and retail trade; repair of motor vehicles and motorcycles";B1G;CP_MEUR;30188.6;provisional;F012;D115;Eurostat — Gross value added and income by detailed industry (nama_10_a64);current_prices;Million euro, current prices
2024;PT;Portugal;G-I;Wholesale and retail trade, transport, accommodation and food service activities;B1G;CP_MEUR;58826.5;provisional;F012;D115;Eurostat — Gross value added and income by detailed industry (nama_10_a64);current_prices;Million euro, current prices
2024;PT;Portugal;H;Transportation and storage;B1G;CP_MEUR;12401.7;provisional;F012;D115;Eurostat — Gross value added and income by detailed industry (nama_10_a64);current_prices;Million euro, current prices
2024;PT;Portugal;I;Accommodation and food service activities;B1G;CP_MEUR;16236.2;provisional;F012;D115;Eurostat — Gross value added and income by detailed industry (nama_10_a64);current_prices;Million euro, current prices
2024;PT;Portugal;J;Information and communication;B1G;CP_MEUR;12557.2;provisional;F012;D115;Eurostat — Gross value added and income by detailed industry (nama_10_a64);current_prices;Million euro, current prices
2024;PT;Portugal;K;Financial and insurance activities;B1G;CP_MEUR;15900.8;provisional;F012;D115;Eurostat — Gross value added and income by detailed industry (nama_10_a64);current_prices;Million euro, current prices
2024;PT;Portugal;L;Real estate activities;B1G;CP_MEUR;27347.9;provisional;F012;D115;Eurostat — Gross value added and income by detailed industry (nama_10_a64);current_prices;Million euro, current prices
2024;PT;Portugal;L68;Real estate activities;B1G;CP_MEUR;27347.9;provisional;F012;D115;Eurostat — Gross value added and income by detailed industry (nama_10_a64);current_prices;Million euro, current prices
2024;PT;Portugal;M;Professional, scientific and technical activities;B1G;CP_MEUR;13013.1;provisional;F012;D115;Eurostat — Gross value added and income by detailed industry (nama_10_a64);current_prices;Million euro, current prices
2024;PT;Portugal;M_N;"Professional, scientific and technical activities; administrative and support service activities";B1G;CP_MEUR;24254.0;provisional;F012;D115;Eurostat — Gross value added and income by detailed industry (nama_10_a64);current_prices;Million euro, current prices
2024;PT;Portugal;N;Administrative and support service activities;B1G;CP_MEUR;11240.8;provisional;F012;D115;Eurostat — Gross value added and income by detailed industry (nama_10_a64);current_prices;Million euro, current prices
2024;PT;Portugal;O;"Public administration and defence; compulsory social security";B1G;CP_MEUR;16283.2;provisional;F012;D115;Eurostat — Gross value added and income by detailed industry (nama_10_a64);current_prices;Million euro, current prices
2024;PT;Portugal;O-Q;Public administration, defence, education, human health and social work activities;B1G;CP_MEUR;45806.1;provisional;F012;D115;Eurostat — Gross value added and income by detailed industry (nama_10_a64);current_prices;Million euro, current prices
2024;PT;Portugal;O84;"Public administration and defence; compulsory social security";B1G;CP_MEUR;16283.2;provisional;F012;D115;Eurostat — Gross value added and income by detailed industry (nama_10_a64);current_prices;Million euro, current prices
2024;PT;Portugal;P;Education;B1G;CP_MEUR;12769.7;provisional;F012;D115;Eurostat — Gross value added and income by detailed industry (nama_10_a64);current_prices;Million euro, current prices
2024;PT;Portugal;P85;Education;B1G;CP_MEUR;12769.7;provisional;F012;D115;Eurostat — Gross value added and income by detailed industry (nama_10_a64);current_prices;Million euro, current prices
2024;PT;Portugal;Q;Human health and social work activities;B1G;CP_MEUR;16753.3;provisional;F012;D115;Eurostat — Gross value added and income by detailed industry (nama_10_a64);current_prices;Million euro, current prices
2024;PT;Portugal;R;Arts, entertainment and recreation;B1G;CP_MEUR;2918.9;provisional;F012;D115;Eurostat — Gross value added and income by detailed industry (nama_10_a64);current_prices;Million euro, current prices
2024;PT;Portugal;R-U;"Arts, entertainment and recreation; other service activities; activities of household and extra-territorial organizations and bodies";B1G;CP_MEUR;7419.4;provisional;F012;D115;Eurostat — Gross value added and income by detailed industry (nama_10_a64);current_prices;Million euro, current prices
2024;PT;Portugal;S;Other service activities;B1G;CP_MEUR;3037.4;provisional;F012;D115;Eurostat — Gross value added and income by detailed industry (nama_10_a64);current_prices;Million euro, current prices
2024;PT;Portugal;T;"Activities of households as employers; undifferentiated goods- and services-producing activities of households for own use";B1G;CP_MEUR;1463.2;provisional;F012;D115;Eurostat — Gross value added and income by detailed industry (nama_10_a64);current_prices;Million euro, current prices
2024;PT;Portugal;U;Activities of extraterritorial organisations and bodies;B1G;CP_MEUR;0.0;provisional;F012;D115;Eurostat — Gross value added and income by detailed industry (nama_10_a64);current_prices;Million euro, current prices
